id,title,,
1,רשות לשתדלן המדינה לשכור הגלגולת ביירשי,1,0
2,לעשות סדר גביות גלגילת ופאיורטני וסכום,2,1
3,עריכות השמאים,3,1
4,אודות שביעה על סכום גם שהשמאים ישבעו,4,0
5,שאיו לישוב חזקת ישוב נגד קהתות ראשי בד שלהם,5,0
6,אידות משא ומתן של יושבי ראשי הקהלות בישובים שלהם,6,0
7,אודות אנשים אחרים הבאים לסחור בקהלות הראשיות,7,0
8,הוצאות עלילות ממזר ולמ חו,8,0
9,בכל עת שימנקש מחייבים ראשי קהלות לעמוד על המשמר,9,0
10,הוצאות השתדלות נקמות רציחה,10,0
11,דין יחיד עם רבים,11,0
12,דין יחיד עם חבירו,12,0
13,שלא ליחן גוף כתב בד לשום א' מהצדדים,13,0
14,שלא להביא פסקים ודעות על שום פסק בד ממהומות אחרים,14,0
15,אם יזמין לחברו שלא כדין ישלם ההיזיק לפיראות הדיינים,15,0
16,איש מוחרם שלא יתיר נידוייו תוך ל׳ יום,16,0
17, איש אשר ימעיל בחרם אחת דתו לעלם החוב להתובע,17,0
18,איש אשר יצא עליו פהקא דשמתא מלובלין,18,0
19,להשגיח על אנשים המיחרמים שלא יתערבו בין הבריות,19,0
20,אשר יטעון טענת אין לי ולא נראה לו היזיק,20,0
21,גביות בד בסביבות מי ומי ישבו,21,1
22,סביבות שרוצים לגבות בד יקחו רשות ממנהיגי הקהלה תחלה,22,1
23,בורח אין ליתן לו סחורה על מומ עד שישבע,23,1
24,דין פשרה בטעות בטלה,24,0
25,המקבל מעות או סחורה או אוראנדא מן גוי או פריץ,25,1
26,שח המובאים ממקומות אחרים על בלתי אמודים,26,1
27,עונש המהדר אחר זיוף בשטרות או בחתימות או מי שיעלה פרעסדאציות בעשג על יהודי,27,1
28,קנס לאיש אמוד המעכב פרעון לאשתמוטי,28,1
29,בן עיר עם בן עיר יעמוד ג' ימים ועם אורח מעלע,29,0
30,שח או ממרן יעשה בו התראה ללוה,30,1
31,שידוך ב ור שאינו בן חי שנים,31,0
32,שח על בחור בלי ידיעת אביו או אבד אין בו ממש,32,0
33,שכר שדכניות מק׳ פרסאות ויותר,33,0
34,שדכן או סיסור שהבטיח לא׳ מהצדדים שלא ליקח שכירות ודין שכר סרסרות.'),34,0
35,שדכנים מטילי מוס במשפחית,35,0
36,מי שמת ולא העמיד אפטרופוס ’‘בנו,36,0
37,בקהלה אשר ממנים שם ראשי מדינה מדי חג הפסח,37,0
38,שלא לילך לוועד לוורשי' בלי רשות בד שלו,38,0
39,הוצאות דיינים ושמשים ושכר הבית,39,1
40,.הערכה לנדוני׳ עד שלשי ברביעי,40,0
41,מי שצריך לערך אין להשיא בתו עד שתהי׳ בת טו שנים,41,0
42,המקדש שלא בפני עשרה מוחרמי׳ ומונדים,42,0
43,שלא לשעבד אשתו או בנו ובתו בשום חוב לגוי,43,0
44,ואף שיסכימו להיות רשות לשעבד אין להמדינה שום חלק ומגע באחריות,44,0
45,שלא לדור במדינות ליטא בלי ידיעת רצון רמ יצו וכש שאין לו לשכור שום אוראנדא,45,0
46,איש זר ממדינות פולין תקע אהלו סמוך לקק מינצק,46,0
47,אבד לזמן ידוע בכלות .מנו אם אין חוזרים ומקבלים אותו נסתלק*,47,0
48,אבד מחוייב לקבל בחורים ונערים קודם לאחרים. -,48,0
49,המקבל מן הצדקה אין להאבד ליקח מאומה דמי חופה,49,0
50,איסור שחוק קרטין ומשחקי קוב־א וכל מיני שחוק,50,0
51,שלא לעשות שום חופה עד שיקבלו תחלה דמי החופה,51,1
52,לעמוד לעתות בצרה לעשות בנדבה לשלוח ללובלין,52,0
53,שלא לכתוב שח וקס והתקשרות זולת סופר העיר וחזן ושמש,53,0
54,בוועד אלול תזל עלתה הס(כמה),54,1
55,חרם קדמונים שלא לעשות קנוניא,55,0
56,יחיד אי רבים (המקבלים כתב מראשי הקהלוח),56,0
57,יום מועד הקבוע להתאסף אין להעביר,57,0
58,לתת עונש במושב לצים,58,0
59,דין שבועה אשר יצא בערכאותיהם,59,0
60,שלא לילך לטריבנל בלתי ידיעת מנהיגי עירו,60,0
61,שלא לשירר בשבת יותר משלשה נגונים,61,0
62,מינוי בוררי׳ מידי פסח בפסח הסדר שלהם,62,0
63,שלא לשכור המכס חדש שנקרא פאבר׳ ויותר טוב כשמחזיקי׳ אותו יהודי׳,63,1
64,הנהגת המוכס במכס חדש,64,1
65,דבר משפט בעסק אורנדא או מכס אין לפסוק אותו כי אם ראשי' וטובי׳,65,1
66,כי יבא למשפט לדון אותו תוך מעלע,66,0
67,להיות התוועדו׳ בקק בריסק בחיי מ' מאיר,67,0
68,להזהיר שלא להכות באומות,68,0
69,שלא לעשות מקח על שום סחורה להוסיף לו על כל חתיכה או על כל אמה (ועל ס' צד),69,1
70,אין להחזיק מלמד או משרת יותר משתי שנים כי אם בהרשאה מאשתו ומקרוביאשתו,70,0
71,שלא ליכנס כשום חוב לאיזה קהלה,71,1
72,דין אורנדות וחזקתם,72,1
73,עוד מדיני׳ הנל,73,1
74,שני שותפים באורנדא ומת א' מהם יעמידו יורשיו אחריו בחזקתו,74,1
75,אלמנה אשר לא תמצא לגבות כסף כתובתה זולת חזקת האורנדא,75,1
76,מי שהשכיר האורנדא לאחר,76,1
77,מי שיעלה בידו אורנדא של נכסים,77,1
78,בית של (גוי) המושכר לישראל ומוחזק בה,78,1
79,חנויות השוק יש לו גכ חזקת ג׳ שנים,79,1
80,אודות האורנדא של מטבע,80,1
81,שלא להשתדל להכין עצה ולהעמיד שר על מוכסי׳ או טשאפוי,81,1
82,חזקת אורנדא בישוב ירשו בניו אחריו,82,1
83,הרשות להזמין למוכס יהודי לכל בד שירצה התובע,83,1
84,הנדחה מהאורנדא אין לאחר להשיג גבולו,84,1
85,במכס חדש או ישן לא יעלה דבר חדש ליקח יותר מסך הקצוב,85,1
86,כל דין אשר יפול באורנדא מחמת תקוני הפנקס יהא הכל מסור ביד רמ של כל קהלה,86,1
87,אודות קבצנים,87,0
88,סדר הגבולים והסביבות,88,1
89,חשבון כלל המדינה שהבלו ושהוציאו מן י׳ תמוז שפא ל',89,1
90,חובות נח להמדינה,90,1
91,איסור משא ומתן במטבעות,91,1
92,בתולות עניות,92,0
93,שלא לעשות מקח על שום סחורה להוסיף על כל חתיכה או על כל אמה (ועל ס' ע׳),93,1
94,שום בד לא ישיג גבול בד אחר בישובים,94,0
95,לא יסור שבט יד כל בד מישובי׳ ומסביבות,95,0
96,סדר הגלגולת ופוורטני,96,1
97,חובות שחייבי׳ המדינה ומה שחייבי׳ לתוך המדינה,97,1
98,שיסע מ׳ יואל לגבות ויעשו שנייקופו',98,1
99,שכרו יהלך לפניו סך ר׳ זהו׳ מתוך המדינה,99,1
100,לעשות ראש שמחויבי' לעמוד על משמר התהנות שיקוים בכל תוקף,100,1
101,(ו ו ע ד ש פ  ו ל פ  ק),,
102,רב מארץ אחרת יהי׳ בידיעת ורצון אבד שלו וראשי הקהלה של ראש בד שלו כשמקבלים אותו בקהלות הסביבות,,
103,מכסי׳ ואורנדאות דין תהון משא ומתן עליהם בענין השגת גבול,,
104,שלא לעשות בקהלה תקון המתנגד לתקנת המדינה,,
105,שלא להעלות שום דרך חדש באורנדא׳,,
106,שלא לשכור פאב׳ר שלא בידיעת רמ של כל קהלה הראשייות,,
107,חשבון ההוצאות מן אלול שפ׳ג,,
108,(וועד שפז),,
109,הוצאות עלילה הנל,,
110,הוצאות הסיימקש על הההלה והסביבות,,
111,בענין רציחה,,
112,דין יחיד עם רבים,,
113,אין לערער על פסד היוצא מפי הקהל והאבד,,
114,דין יחיד עם יחיד חבירו,,
115,שלא להקל בקשר שבועת תב ולהעניש להעובר,,
116,איש טעון חובות ליהודים ולערלים,,
117,דין אפוטרופסים שלא ילוו לעצמם,,
118,לחקור להמבקש עזר לסיוע הכנסת בתו,,
119,בדין אורנדא אצל היורשי׳ והאלמנה,,
120,הנדחה מאורנדא (על ס׳ פה).,,
121,,,
122,קיום הפסק בכל תוקף ועוז בענין מכסי׳ ביד יהודים,,
123,שלא לפסוק שום ראש או מנהיג מאומה בענין מכסים כי אם כפי התיקון,,
124,סדר גביות גלגולת ופאוורטגי,,
125,חשבון החובות,,
,(וועד ש פ  ח ל פ  ק),,
127,בענין תיקון בתולות עניות להשיאן,,
128,אופני עלילות שקרים,,
129,שלא ליתן לדרוש ברבים עד שיסכימו האבד והראשי׳ יצו,,
130,גבאי' נשים ישגיחו על נפשות עניות להיות להם שני כתונת פשתן דקה,,
131,"בהנהגת יחוד באורנדא שאין דרים שם יהודים,",,
132,שלא ילכו נשים לבתי גויים בלא בעלה ונער א׳ או נשוי ונער א׳,,
133,שלא לקבוע לשתות לבתי גויים,,
134,כל הנסמך לחבר יקבע עתים לתורה בכל יום,,
135,ביומא דשוקא בשבת ישגיחו הבד שלא יחללו,,
136,המחזיקים נכסים יזהרו בחילול שבת וסירוס בהמה ועוף וגידול חזירים ושריפת ייש בשבת,,
137,שלא לישא וליתן בעופות טמאים ובנבלות וטרפות ושאר דברים האסורים,,
138,לעיין בדבר איסור חשש שעטנז,,
139,העושים גבינה וחמאה בחצרות ובכפרים יעשו עי איש כשר ידוע,,
140,סדר בחורים ונערים לקבל הרב מספר היותר אפשר לחלוק שבתות,,
141,למנות ממונים על המדות והמשקולות,,
142,מוכרים דבר אכילה יעלו כתב הרשאה מהאבד,,
143,לגרש איש מלעכוויטש מכל גבול המדינה,,
144,בענין משרתות גויות,,
145,עוד בענין הנ׳־ל,,
146,לזרז קודם הסימקש לעמוד על המשמר,,
147,קהלה אשר יעורר משפט נגד הגוי׳,,
148,קהלות שאין להם קיומים על בית הכנסת,,
149, גבד של עניני מסירות ורכילות,,
150,אין לשום אדם לפסול אבד או א׳ מז׳ טובי העיר,,
151,לעשות דין במי שמזלזל אבד או דיין ומנהיג,,
152,בכתב מהקהלה צריך דוקא גם חתימות האבד,,
153,באם שיצטרך הדמ לצאת מן העיר אזי הרשות בידו למנות רמ אחר א׳ מז׳ טובי העיר,,
154,ראשי מדיג' יזרזו בעסק גביות,,
155,רשות ביד הרמ לצוות על עשירים ואמורים שיבואו על החתום באבליגעש ושטח הנעשה בהלואות לצורך המדינה,,
156,השמשים מחוייבים לציית לרמ בכל ענייני הכרזה בבהכנ,,
157,ביד הרמ לבחור שמש מיוחד על עסקי מדינה ואין ביד הקהל למחות,,
158,אין למנות בחג הפסח ראש הקהל שיהי' גם לרמ כא רמ בפני עצמם,,
159,ענין מינוי התמנות בוררים בחג הפסח,,
160,אופן מינוי הבוררים,,
161,מתנת לשררות העוברים לאסיפת הוועד,,
162,שלא לעשות הלואה מפריצים שלא בידיעת האבד וראש א',,
163,שלא לכתוב תנאים ולא לעשות חופה לשום אדם אשר יבא מארץ רחוקה ואין מכיר לו,,
164,שום יחיד למבצר ולשררות בלי רשות הקהל. וגביות מהיתומים,,
165,,,
0,אודות דמי חופה מיתום,,
167,אם ירצו לגבות בד על אבד שלהם,,
168,אודות מעות חופה רחש מתכשיטי כסף וזהב,,
169,הסכמת הקהל יהי' דוקא באסיפה,,
170,אבד אם לא יודיעו לו חצי שנה קודם כלות משך שלו אזי הוא נתקבל לזמן כמו קבלה ראשונה,,
171,שלא לקבל סחורות אויף גיזעצט ממדינת פולין,,
172,מקומות בהכג נחשבין כמטלטלין,,
173,נזקקים לגבות מנכסי יתומים,,
174,הרשות ליתומים לסלק כתובת אלמנה אף שאינה תובעת כתובתה,,
175,כתיבת יד שיש בו נאמנות,,
176,שטר כיס היוצא על היתומים,,
177,דין סכום אלמנה תתן החצי וגלגול במלואו,,
178,שלא ליתן לשום חתן כתונת של הנין,,
179,לא יעלה על נפש מישראל שום בגד סאמוט,,
180,נשים לא יעלו עליהם שלעקש על הצעיף,,
181,לא יעלו שום בגד וצעיפים במרגליות,,
182,גם לא ילכו בבגדים אדמשק ואטלים,,
183,דמשה ואטלים אן ציהענדיג אסור לעשות,,
184,מי שמשיא בתו ונצרך לסיועת קרובים חדא לו לעשות לבתו שום בגד של משי,,
185,עשיות קרונין ושפיצין ובגדי לבן,,
186,,,
187,קנס גדול על מי שיעבור על תקוני' בעניני בגדים הנל,,
188,תופסי תורה הלומדים בהתמדה להקל עליהן במסים (עי' וועד שצא סי' טז),,
189,בב האוכלים על שלחן אביהם אין להוסיף סכום מחמת זה,,
190,לעשות תקנות שלא לגלות שום דבר סוד ועצת רוזני הההל או מנהיגים,,
191,הוועד שיהי׳ בקה פרוזנא,,
192,קודם הוועד שלשים יום מחויבים להודיע לכל,,
193,יחיד שקיבל אגרת מראש בד שלו נגד הקהל,,
194,גביות דמי זעלנר יוגבה שליש לפי ערך סכום ושליש גלגולת ושליש לפי בתים,,
195,הוצאות זעלנר האיך יהי׳ נגבה,,
196,גביות פאוורטני,,
197,זעלניר גזלנים שאינן חייל של מלך,,
198,כל מנהיג אשר יעלה בלבבו להעלות איזה ענין לפני הההל יגיד דוקא באסיפת הקהל,,
199,מי שירצה לקבל פתקא דאזמנתא,,
200,לקיים חומרי הפסק שיצא על איש רע ושלא להקל עליו רק מחויבים להדפו ולרדפו,,
201,מי שאינו נותן סכום עשרה שנים רצופים ולא דמי הזהה דינו כמו שבא מארץ רחוקה,,
202,מי .שמכר חזה ת אורנדי שלו שאינו דר שם אין במכירה זו כלל והמכירה בטלה,,
203,מי שירש חלה אורנדא,,
204,שטר ישן מיהרי כשעבד זמפ שלו שלש שניס-,,
205,"שלשה אלופים הנבחרים לעמוד בהיכל מלך ושרים,",,
206,תקנות בענין הלואה ומתנות בקבלות רבנות יקום כפי תקנות דמדינות פולין,,
207,מינוי פרנסים בראשי קהלות איך יתנהגו,,
208,קנם אשר יהיה באיזה קהלה אינו שייך לסכום כא לעשות חלוקה לאתה צורך בידיעת אבד,,
209,ביר הרמ לעמוד על המשמר בכל תקנות המדינה (על וועד שצ^ל ס׳ לב),,
210,בכלות שלשה שג ם כל זמן שלא יבטלו הרמ בעצמם התקנות אזי יהיו גכ כל . התקנות הקודמים בכל תוקף ועוז,,
211,שהיא ליתן חרם בבהב כא על דבר גדול,,
212,המוכסים יחידים וויתרו קצת הנחה בנתינת מכס,,
213,הנהגות טשאכווי בקהלות חל על אורנדי וקהל,,
214,אותן אורנדריש שמצילים עצמן מטשאפווי,,
215,בקהלה שלא ה ׳ רב עד היום לא יקובל בלי רשות ראש בד שלו,,
216,החלטות ר־ רשאות חכירת מכס של הקצין ר׳ משה ליזרש ובניו,,
217,(וועד ש צ  א ל פ  ק),,
218,אם יהי׳ עלילה על אבד או על שבעה טובי העיר עי איזה מסור,,
219,גביות בד על עניני מסירות ורכילות של מסירות אין לגבות כא האבד ושנים מזטה,,
220,כתב בחתימת המנהיגים אין להשגיח בו עד שיהי' גם האבד חתום עליו,,
221,ראש מדינה שנצטרך להעלות ממון בהלואה לעסק המדינה,,
222,רמ אשר יארע לו לצורך לנסוע מן העיר רשות לו למנות אחר במקומו לא׳ מז׳ טה,,
223,אץ לעשות שני רמ נוגעים זה לוה מחמת קירבה,,
224,מנהיגים הקהלה מחויבים להעמיד הכנסת דמי חופה ליד הרב האבד,,
225,אין לשום רב וחזן ושמש להתעסק בסדר חופה בשום קהלה בלתי רשות האבד של אותה קהלה,,
226,לעשות חוק וקצוב על קווערטנר געלט,,
227,במק־ם שלא נ תן לסדר גיטין אין ביד הרב של אותו קהלה לסדר שם גיטין בלתי הרשאת ראש בר שלו,,
228,אבד שכלה זמנו והקהל נושאי □ונותנים בו יסתלקו הנוגעים ו עמדו עפי רוב,,
229,מקומות בה נחשבים כמטלטלין לגבות בעח וכתובה ולמכירה צריך קס,,
230,יש כח ביד ויתומים עפי ראשות עיני בד לס־. ק האלמנה בכתובתה אף שאינה תוב ת,,
231,בעלי בתים האוכלים על שלחן אביהם עד חמשה שנים אין להוסיף עליהם סכום . מחמת זה,,
232,להקל בסכום על לומדי תורה,,
233,תקנות מדינה יקום על פי הרוב,,
234,לזעלנרים לא יתן הקאמרניק כלום,,
235,אודות חזקת מכסים מהקצין רמ משה בר א,,
236,עוד אודות מנסים של הקצין הנל,,
237,אחר כל. ת שני חזקת המכסים הנל אין לעשות שום תיקון שיהי׳ מותר ומבטל חוק וקצוב הנהוג מקדם,,
238,מי שנלכד במצודת השבועה שלא הגיד באמונה הסחורות,,
239,שלא ליתן חרם על העובר את התקנה המבואר בס׳ קסד (קצם),,
240,אודות בני אדם שיצא עליהם דין גירושין ות ריכץ וכו׳,,
241,בענין הנל שאין חל העלילה לא על המנהיג ולא על הקהל,,
242,סדר והנהגות מינוי הבוררים מידי פסח בפסח,,
243,עד שני מאות הרשות ביד המנהיגים להוציא אף שלא בידיעות שארי רמ,,
244,תקנה הנזכר כסעיף כו נתבטל,,
245,הוצאות נקמות רציחה שחוץ למדינה,,
246,אם האב או בנו של הנרצח עשיר איך יתנהגו,,
247,איזה קהלות שהם בגליל בפני עצמו,,
245,עסק חזקת טשאפווי,,
249,מי שלקח סחורה בהקפה ונעשה בורח ושארי דינים של בורח,,
250,לקיים התקנות מראשו עד סוסו והעובר על התקנות יענש בגוף וממון,,
251,אין ביד שום קהל אף בצרוף רמ לסתור שום תקנה,,
252,כל קהלה מחויבים לסלק גלגולת בזמנו,,
253,קביעות וועד שצב,,
254,סכום מדינה,,
255,(ו ו ע ד ש צ  ב ל פ  ק/,,
256,שלא למכור דגים יבשים בלי כתב הכשר,,
257,שלא לקבל שוחט ובודק בלי כתב קבלה,,
258,שלא ידור יחיד עם אשתו בכפר יחידי כי אם שיהי׳ לו משרת יהודי,,
259,שלא לקבל מלמד בלי הרשאה מבד שבעירו שנסע ברצון אשתו,,
260,המחזיק בנכסים ויש לו עבודות זריעה וקצירה יזהרו בחילול שבת,,
261,ענין מי שישכור הטשאפווי מכלל המדינה,,
262,גביות סכומות וגלגולח,,
263,אשה שיש לה נכסי מלוג מחויבת ליתן סכום,,
460,מי שיש לו עסק שרייברייא ולייפערי׳,,
265,המחזיק נכסים או קרעצמיש בגליל אחר,,
266,ענין סדר גביות סכומות מדינה,,
267,מי שנשבע כמה כעמים רשות ביד הדיינים להפך השבועה במשפט שיהי' בינו לבין אחרים,,
268,כל ראשי קהלות ישלחו שלוחים לוועד ווארשי׳,,
269,חובות שחייבים להמדינה,,
270,חובות שחייבים המדינה,,
271,(ו ו ע ד ש צ  ד ל פ  ק),,
272,עד הוצאות העלילות וסכסוכים עכצשת,,
273,הצעד עד סכומים ופאוורטני,,
274,אותן שלא באו בוועד הראשון לעלות בחשבון המדינה,,
275,לעשות ב׳ רמ בחג הפסח והשלישי קודם זמן אסיפת רמ יצו,,
276,אודות תקנות קדומות מחמת שותפות גלילות. גליל ווילבא ומיבצק והגליל וארץ רוסי?,,
277,איזה קהלות ישוב שיבקשו התנשאות יענשו,,
278,הצעד מקק מינסק בנדון מכס ישן,,
279,עד קבלת אבד וקבלת בחורים ונערים וגם מעות חופה מספרים ומקרקעות,,
280,אודות מחמת שפחות גויים וכן אודות תיקון מלבושים,,
281,שאין לקבל ספרים כי אם כל קהלה אל תוך קהלתם עם סביבותיהם,,
282,להתוועד ברח אלול שצז לפק,,
283,מחמת העדר המחיות וחזקת אירנדא׳,,
284,לעמוד על משמר קיום כל התקנות,,
285,שכר התורני מ׳ יוסף בר אליעזר סגל,,
286,נדבת המנוח מ׳ יוסף שמערילש,,
287,בדבר המכסים,,
288,עד סעדת האלופים מנהיגים קק ווילנא יצו מחמת סוחרים המקפחים מחית בני העיר,,
289,אודות סופרים מכסים שהם ראשונים במקח,,
290,אודות סכומות מסביבות קק ווילנא,,
291,עד הסענות קק ווילנא עם קק הורדנא בדבר יושבי קק ווילקאניק,,
292,ליתן רשות לקק ווילנא לישא וליתן בכל עיירות וכפרים סביבות דשלשד. קהלות,,
293,הלואה מן המדינה לקק מינצק,,
294,מי שיש לו חזקת אורנדא,,
295,אודות השותפות קק ווילנא עם קהלות ישובים דקק בדיסק לענין הוצאת נקמת רציחה,,
296,הולכי רכיל פסולים מעדות ומשבועה,,
297,אודות קניית הבתים,,
298,כשיתוועדו שני ראשי קהלות מחויבת הקהלה שלישי׳ גכ לבא אל מקום הוועד אשר יבחרו,,
299,כל התקנות יעמדו בתוקפם,,
300,פשר שבין קק סלוצק ובין ג׳ ראשי קהלות בענין משא ומתן בכמה אופנים,,
301,על מעמד בענין מומ מוועד שצה עד וועד הסמוך,,
302,חשבונות המדינה,,
303,אןדות חזקת מכס ישן,,
304,העתק מצוואת הקצין במ משה ליזריש,,
305,(ו ו ע ד ש צ  ז ל פ  ק),,
306,הוצאות בלבולים המבואר שם יהי׳ בשותפות המדינה,,
307,אודות אורנדי בקהלה שיש בו עכפ טו בעלי בתים,,
308,אודות תיקוני בגדים ומלבושים הוסיפו לאסור גב טאבינאק,,
309,שלעק שעל הצעיף,,
310,אסור אפילו רובינדלך,,
311,אודות סטראקיש כסף וזהב,,
312,זופאן אטלים או אדאמשק,,
313,הנצרך להערכה לא יתן בגד משי לכתו,,
314,אין להקביל פני קרוביו ביט בשויבין של מארדיר,,
315,גילדין או זילבר גרעט ושאר תקוני בגדים,,
316,אשה בתוך שנה ראשונה אחר חתונתה רשות לה להתקשט בג׳ רגלים,,
317,שלא להתקשט בשלשלאות זהב,,
318,בתולות אסור ברחובות לילך בגלוי זולת בערטיל מרגליות מותר אפילו בגלוי,,
319,עד ס׳ שכג מענין הנל,,
320,להעניש החייטים העושים מכל הנל. וכן שארי בעלי מלאכה העושים משאר איסורים,,
324,על הפח לעמוד על המשמר לקיים התקנות ובעונש חרמות המבוארים בפנק,,
325,אין לשכור משרתות או מינקת יהודית שיש לה זיקת בעל,,
326,אודות הסעודות שמרבים בהוצאות,,
327,מי שנשבע שבועות אין לי,,
328,אודות מינוי של הבורח,,
329,בורח שנעשה מחמת סיבת שריפה או גזלה,,
330,מי שיטעון אין לי מעות כי אם סחורות,,
331,בורח שיש לו העברת מינוי,,
332,ליתן מזונות לתפוס ויעלה על חובו,,
333,אין לשום קהלה למחות למי שיבא לישא וליתן ביומא דשוקא,,
334,כל קהלה אשר שם קהל עליו מחויבים לשכור שילר געלט,,
335,התובע מחויב לבא אל מקום הוועד תוך ג׳ ימים הראשונים,,
336,מינוי רמ לא יהיה ראש הקהל ולא טובי הקהל כשמבררים בחה פסח,,
337,על אודות סכום מדינה,,
338,על דבר תיקוני הבגדים למי שנותן סכום מסך ע צרים אלפים ולמעלה אינו בכלל,,
339,למסור ההזמנה ליד הנתבע ל׳ יום קודם זמן המוגבל לוועד המדינה,,
340,מנהיגים שאינם בביתם בשליחות הקהל לא יוכרו בלעדם בעסק קבלת רב וחזן ושמש,,
341,אין להשגיח בכתב שאין חתומים עמתם רמ,,
342,כל התקנות הנל יעמוד בתוקפם. והבותרים ילכו אחר האחרון,,
343,להיות הוועד שצט לפק,,
344,עד עכק ביש דקק פינסק,,
345,אודות נתינות פאוורטני,,
346,לגבות במדינה שני סכומות,,
347,אודות בקשות עניי ח :רון,,
348,אודות העסק ביש דקק בדיסק איין גליי ף,,
349,(וועד ש צ  ט ל פ  ק),,
350,על אודות נערי בני ישראל ההולכים ערומים,,
351,להשגיח על הבחורים שיחזרו על לימודם,,
305,שלא ינוש המקרא מנערים אפילו כשלומדים משניות,,
353,מה ששילחים הנערים על הי נ ובים,,
354,אין להקל למעט בקנלת חורים ונערים כנהוג,,
308,אכור יחוד וריר ם בכפרים ועיירות. *,,
356,למנות נשים יקרות להשגיח על נשי עם הארץ,,
357,אודות שענק בשבת שכר ודבש ויי ש,,
358,לבדוק החלפים של השוחכים,,
359,אודות החייטים ליותר כאיס ר שעטנז,,
360,שלא לסדר קידושין לאורח שאין מכירין אותו שלא יבא לידי מכשול,,
361,גם בילדים הבאים וגולים מארץ אשכנז שלא יהי' חו אח נושא אחותו,,
362,אלמן איש אמוד יתן רחש סך המגיע מאלף זהו׳,,
363,אין למנהיגים להכניס ראשם בדמ ולא להדיינים לדברים הבלתי שייכים להם,,
364,לעשות ש תפים להציל ילדים היוצאים מכלל הדת רל,,
365,מי שמכנים נדוניא לבתו עד מאה שאק יסייעו הקרובים ויותר אין לכוף,,
366,אודות השח העודים עצהכ יעשו א׳ משלשה דרכים,,
367,אין לשום רב ליסע לסביבות על החתונה כא לישוב שלו או לפסול דאורייתא,,
368,הוצאות סיימעק על כלל המדינה,,
369,המזלזל אבד או מנהיג יצטרפו גם המה להעניש לקניס את המבייש,,
370,אודות בורחים,,
371,בורח שאירע לו אונס גזילה ושריפה,,
372,אודות תקוגים קדמ נים עד קבו יא וקשרים,,
373,מוחרם היושב בנדוי משך שלשה ימים יכתבו שמו והחרם על פתח בהכ,,
374,ח צאות בעסק המדינה יחתום הרמ והפח על הקוויש,,
375,אודות עניים וסבה ב ם המסתעפים ברד קאפול וסטא־וויטש,,
376,אודות הזמנה לוועד המדינה,,
377,אודות ה בצב ם העול סוטאים למדינתנו,,
378,סכום בעב האוכל על שולחן אב ו או חמיו,,
379,אודות ה צאות לדין עם מנהיגים פילץ דא,,
380,רמ שלא יוכל לבא לוועד אין לא להעמיד אחר,,
381,אודות דין יחיד עם רבים שיש לוכח ועיות,,
382,מחמת שותפות כלל מדינה וכל עש,,
383,תקנות הסותרות ילכו אחר האחרים,,
384,תוקף על תיקון מחמת מכס ישן וחדש על ראשי הקהלות,,
385,שלא לעשות תיקון הסותר תיקוני המוכסים,,
386,להתוועד אחר שבת נחמו תא לפק,,
387,חובות שחייבים לתוך המדינה ופוורטני,,
388,כתב אגרת לקק בריסק בענין יחיד שיש לו דין עם הרבים,,
389,אודות עסק ביש איין גלייף בקק ווילנא,,
390,להתוועד אחר שבת נחמו תד לפק,,
391,לשלוח איש הגון לסעלץ לצורך החשבון של הוצאות המדינה,,
392,לגבות טו סכומים לג׳ זמנים,,
393,לקבל שמש מיוחד להיות בתמידות במהומות אשר שם משפט טרובינאל לעמוד על המשמר,,
394,תוקף על תיקון מחמת מכס ישן וחדש,,
395,כל התקנות המה בתוקפם והסותרים ילכו אחר האחרון,,
396,כל קהלה מחויבים לשלוח ליד בעל האתרוגים דמי אתרוגים,,
397,אודות המלך ירה שיעבור דרך איזה קהלה מראשי קהלות,,
398,ואם יעבור המלך ירה דרך קק בריסק,,
399,חובות המדינה,,
400,בקשת הא' הר פנחס בהחסיד מוהדר ישעיה לעשות סדר נכון בדבר צוואות אביו החסיד זל,,
401,(וועד דת לפק),,
402,אודות חלוקות ונתונות ממון יתנהגו רק באסיפת הוועד,,
403,אין לכתוב בפנקס עסקי חזקות אורנדא רק בפנקס המיוחד לזה במקום מוצנע,,
404,כל ראש בד מחויבים להתעסק ולטרוח בגביות כל המסים והנתינות,,
405,רב שחזר ובא לדור בקהלתו אין ליתן לו מינוי משך שני שנים,,
406,"המנהיגים מראשי הקהלות מחויבים למנות בחג הפסדו בקנס מאה, אדומים על המנהיגים ממונים על התקנות להשגיח מאד שלא יעבור שום תיהון ולהעניש את העובר",,
407,למעט בהוצאות בסעודה,,
408,אם יפלו איזה חילוקים בין המנהיגים באיזה ראש,,
409,שלא יעלה על לב אדם להתחיל בעסק ספחת,,
410,קיום שטרות יהי׳ בא׳ מג׳ דרכים דוקא,,
411,סדר חוק הוצאות וועד המדינה,,
412,זמן מועד אסיפת וועד המדינה עם. הגאונים,,
413,אודות דיין מדינת ליטא ביריד לובלין,,
414,"סדר חתימות של אלופי ראשי מדינות, אבל זקן שראוי לכבדו חייבים להקדימו. נעשה על י׳ד שנים",,
415,כל שמש מחוייב ליתן כתוב וחתום הצעת דברים ותשובת הקהל,,
416,אין לבנות בהכ בנין חומה בלי נטילת רשות מאלופי רמ,,
417,גביות שלשים סכומות,,
418,איזה קהלה שיצטרכו לאיזה השתדלות עכצשת יודיעו לא' מראשי הקהלות,,
419,שום ראש בד לא ישיג גבול ראש בד אחר,,
420,לשלוח מכל קהלה וקהלה ומישובים לפני האלופים רמ על הוועד,,
421,כל התקנות מראש ועד סוף יעמדו בתקפם והסותרים ילכו אחרי האחרון,,
422,(וועד ח'ז),,
423,פירוש על התקנה המבואר שאין לשום קהלה ליתן שום כתב לבעל דבר (עי׳ סי׳ יד),,
424,שאין לדחות יום המוגבל לאסיפת וועד המדינה,,
425,פירוש על התקנה המבואר פסק היוצא מפי וממל בצרוף אבד אין לערער עליו כל עיקר,,
426,"אין לפסול שום א, מהגאונים או מאלופים ר׳מ מחמת שיש לו צד פסול מצד הדין עם יחיד או עם יחידי' רבים",,
427,אם יש לאיזה קהלה איזה משפט על כלל מדינה מחויבים המדינה לצד לפני הגאונים,,
428,עונשים מופלאים למי שיוצא ממדינתנו להקריב לפני מדינת פולין איזה קובלנא על איזה תיהון או על שום דבר משפט,,
429,תוקף וחיזוק על תיקון הקדום בחור שאינו בן חי שנים ושידך עצמו בלי ידיעת ורצון אביו (עי׳ בסי' לג),,
430,אודות תיקון הקדום בוועד דת אודות קיום שטרות,,
431,כל קהלה וקהלה לא יוסיפו להכניס בשום חובות,,
432,אם יזדמן איזה הצלת נפש במקום שישבו שם כסאות למשפט הטריבונאל,,
433,מי שלא תפס ישיבה אין לקבל אותו לרב עד שיה׳ בידו כתב הרשאה מג׳ גאונים ראשי הקהלות,,
434,כל ראשי הקהלה ישלחו ללובלין ביריד גראמניץ מנהיג אחד,,
435,לעשות מעמד עם האתרוגים,,
436,באם שיזדמן המלך ירה לעבור דרך איזה קהלה מראשי הקהלות יהי' המתנות כפי התיהון וועד תא סי׳ שנו,,
437,אודות הוצאות ספחת שיעלו עד טו זה׳ פו׳,,
438,אודות הוצאות השתדלות נקמת הרציחה יקום במבואר למעלה בוועד שפ*ג,,
439,אודות הוצאות ע׳־ש ממזר ולט וכישוף ואיין גילייף חו יהי׳ משותפות המדינה,,
440,לשלוח כל גליל לראש בד שלהם ג׳ סכומות מדינה בכל עת שיהי׳ וועד מלכים ושרים,,
441,ע׳ד הוצאות יריד לוקאב לא יתנו המדינה מאומה,,
442,אודות דיינים ביריד קאפולי,,
443,כל התקונים יעמדו בתוקפם והסותרים ילכו אחר האחרון,,
444,תוקף על התיקון המבואר שלא לעשות מאומה בעניני המדינה בלי צירוף השייכים למדינה,,
445,תוהף על איסור קנוניא בלי שום הערמה והוראת היתר בעולם,,
446,זמן אסיפת וועד המדינה בצירוף הגאונים,,
447,חובות שחייבים מדינה,,
448,אודות האלף זהו׳ של המנוח הקצין משה ליזרש,,
449,לגבות מאה סכומות מחמת שנתרבו חובות המדינה,,
450,(וועד תט),,
451,הרשות ביד קהלה והחלה והמקומות אשר ישנו שם מנין יהודים לפדות כל נפש עד יז בלי שאלת רשות ויקובל בחשבון,,
452,מי שישכור הטשאפווי איזה פאוויש מחויב ליתןלהסדינה מכל מאה זהו׳ בו׳,,
453,בדבר עניים המגורשים המוטלים על טראח טקוטות קצת קהלות,,
454,לגבות ג׳ סכומות לכל יום הוועד,,
455,הלואה להמדינה מאלמנת מ' קאפיל מלויצק,,
456,עוד הלואה מר' יוחנן ווייל מפראג עצ׳ה,,
457,(וועד תי לפק),,
455,להתנהג בבל קהלה לפי התקנות בוועד שצט בעסק הלימוד ולהחזיק בחורים בל משך השנה,,
459,אודות המגורשים אשר עדיין מתגוררים בארצנו,,
400,שלא לסדר קדושין לשום אורח הן אלמן או בחור ובתולה אם לא שנתברר מי הוא,,
461,לשלוח מעות עניי אי מידי שנה בשנה ליריד גראמניץ לובלין,,
462,משך ג׳ שנים מחי אייר תי לפק אין להעלות על שום נפש אדם מלבוש דמשק או אטלס,,
463,סובל ומרדיר ופופקיש בכלל איסור,,
464,שלא לעשות פס אמן של זהב וכסף על שום מלבוש,,
465,גילדין שטיק גרעט וזילבר שטיק גרעט כל הכל איסור גמור,,
466,גם שלא לקשט בשלשלאות זהב ולא במרגליות על צווארה,,
467,גם קרונין ופארביטקיש למעט בכל מה דאפשר,,
468,סבלו להתאבל שלא ישמעו בבית ישראל שום כלי זמר שנה א',,
469,לעשות תיקונים בכל ההלה למעט בסעודות,,
470,להטיל נתינה על כל שוכר טשאפווי לתוך המדינה,,
471,מי שישכור טשאפווי של איזה פאוויט,,
472,קודם שימסרו הרייסטריש דהוצאות ליד המשולח יקבלו בחרם בפני האבד שהרייסטר הוא אמת,,
473,לעשות סדר גביות קראפקיימכל פרטי דברים ממשא ומתן,,
474,דרך נכון לתקנות עניים בדבר נתינות טאדימנא,,
475,פירוש על התיקון הקדום מחמת קישורים וקינונים נגד מעשה הקהל,,
476,גביות המשים סבומות,,
477,הצעת אלופי קס מינסס מחמת מכסים דחדר מינסק,,
478,כל התקנות הבלתי סותרים יהי׳ בתוקפם והסותרים ילכו אחד האחרון,,
479,אידות עשיות סכום מדינה,,
400,חובות מה שחייבים המדינה,,
481,חובות רעשטיש להמדינה,,
482,(וועד תי־ב לפק),,
483,אודות עניים ואביונים שנתגרשו מארצם,,
484,אודות צורך פדיון שבויים,,
485,אודות תיקון הקדום לשלוח לוועד ווארשי ג׳ סכומות,,
486,אודות גביות פאדימנו,,
487,לשלוח אנשים אמודים מכל קהלה וגליל לוועד המדינה,,
488,מי שנעשה בורח תוך חצי שנה מיום שעשה נשואין לבתו,,
489,מי שמוציא שט׳ח על חבירו מחויב הלוה לשלם במזומנים דוקא,,
490,אודות סכום ממעות יתומים,,
491,לשלוח מעות אי לגראמניץ גם לסבב כל שבוע לגבות טפלים,,
492,אודות סכום המדינה בוועד דהאידנא,,
493,אודות טשאפווי המוחזקים כשלא ירצו להשכיר לשום אדם אזי מחויב לעשות החסד חלק רביעי ליהודים ממה שנוטל מגוי,,
494,ליתן הרחבת־ זמן רביעית שגה ובאם הלוה'איש אמוד מחויב ליתץ רווחים,,
495,כל שמש מחויב ליתן כתוב וחתום,,
496,תקנות הסותרים ילכו אחרי האחרון,,
497,תוקף על התיקון שמהמנהיגים יצרפו לרמ לכל עסקי המדינה,,
498,אידות תקוני בגדים,,
499,להתוועד בחצי שבט תיד לפק,,
500,חובות שנשארו חייבים להמדינה.,,
501,(וועד ס ע ל ץ ת ט  ו ל פ  ק),,
502,"נדבות פדיון שבוים לעניים,",,
503,סדר גביות כסף גלגולת,,
504,אודות סכום חדש הנעשה או,,
505,גביות עשרה סכומות,,
506,עוד חמשה וחמשים סכומות מדינה,,
507,אודות חובות כלל מדינה שחייבים לקק בריסק ולקק הוראדגא ולקי ק טינסק ולהק ווילנא,,
508,לגבות כל גביות דוק א ולא ללות ברווחים,,
509,אודות דמי גביות במדינה פאדימנה לשעבר,,
510,אודות תקוני מלבושים הנעשו בוועד ת׳י אין להקל,,
511,אודות גזירת המלך ירה איטור שירות שפחות לא יהי׳ עז שיתוף מחמת איזה סכסוך שיעלה חו מזה,,
512,תוקף על התיקון להחזיק ישיבות,,
513,שנה א' לא ישמע בבית ישראל שום כלי זמר,,
514,אודות שכל קהלה וקהלה וישוב וגליל יתן שטח על שגי אנשים אמודים על גביות מדינה שלהם,,
515,המגורשים מפני רעש המלחמה שרצו להתישב לפי שעה,,
516,אודות המעכבים סילוק גלגולת,,
517,אודות הוצאות וועד המדינה לעשות חוה וקצוב כמבואר בסי׳ זה ואחריו,,
518,עוד בענין הנל,,
519,מי שיעקור דירתו מקהלתו תוך שני שנים מיום חתונתו,,
502,מי שיעקור דירתו מן מדינת ליטא יצו,,
521,קביעות וועד,,
522,אודות ממון עניי ארץ ישראל,,
523,סכום המדינה,,
524,חובות שנח הקהלות מגביות סכום מדינה,,
525,חובות שחייבים המדינה,,
526,(וועד תכב לפק),,
527,להחזיק ישיבות בחורים ונערים וליתן שבתות והספקה,,
528,שלא ליקח הרבה קנסים לעצמו רק יחלק לעניים,,
529,לברור שני אנשים להשגיח באיסור חילול שבת,,
530,לייוונט צבוע איסור גמור לתפור תחת בגד צמר,,
531,אודות סכום לומדי תורה עכפ חסד רביעית,,
437,כל נתינה חדשה העולה במדינה איסור גמור על בר ישראל להכניס ראשו לא לשכור כו׳,,
533,תוקף וחיזוק על תיקון ההדום שאין לשום אדם שבעולם ליסע“ליריד ווארשי אם לא עפי נטילת רשות מאלופי ראש בד שלו בכתב הרשאה,,
534,פירוש על התיקון הקדום אודות הנהגת השתדלות נקמות הוצאות רציחה,,
535,אין לקבל בחשבון ההוצאות בעסקי המדינה אם לא עפ׳׳י רייסטר בפרוטרוט ובשבועה כמבואר למעלה,,
536,גביות ארבעה מאות ושלשים סכומות,,
537,תוך שני שנים מיום שחזר הרב לקהלתו לא יתמנה לבירור ולא לשמאי,,
538,אודות כשהקהל לא ירצו לשלם למי שתובע חובו מהם אזי ידונו עמו בזבלא בצרוף השליש אבד,,
539,חוב על הקהל מאיזה ישוב,,
540,אין למסור שום חוב הן בשטח או קשר או חמ לשום גוי בעולם,,
541,הוצאות הצלת נפשות עד חמישים זהובים חל על ראש הקהלה עם הסביבות שלהם,,
542,ישלחו כל קהלה וישוב וגליל שלשים סכומים מדינה לועד ווארשי. . ־,,
543,אין לשום מנהיג מראש הקהלה לבוא על שום כתב אם לא שנגמר באספת חמשה מנהיגים עכפ,,
544,לא יכנום ׳שום אדם בשום עסק בעולם עם איזה שר או פקיד כר,,
545,מנהיגי הקהלה ישגיחו לבלתי תת מדרך כף רגל המוחרם לבוא לבהב,,
546,להתוועד בקק זאבלודאווי,,
547,להעניש בעונשים גדולים ובקנסים את האיש ההוא שיכניס ראשו עם שר כר המבואר סי׳ תצז(תקמה),,
548,אודות שכמה קהלות וגלילות נח רמ סכומים המבואר למעלה בוועד תס 1 ג,,
549,"ראשי,:קהלות מחויבים לברור איש א׳ מכל קהלה מראשי הקהלות ליסע לכל עיר למנות מספר בב",,
503,רייסטר של הקהלות יצו,,
551,חשבון ק^׳ק ווילנא,,
505,חשבון קק ראזניא,,
553,אודות החילוקים שביןהקהלות והגלילות,,
507,סכומות מדינה,,
555,(ו ו ע ד כ ד  ת ל ם  ק),,
556,חמשה בעלי סכומות הראשונים יחזיקו בקביעות בחורים או ב׳ב הלומדים בישיבה,,
557,על מנהיגי הקהלת ליקח ולהוציא הכתב מליצה מיד המסבב מעיר לעיר לקבץ ממון כדי ליסע לארץ ישראל,,
558,ליקח ולהוציא t o המשולחים של א׳י הכתבים והמעות שעלה בידם משך שני שנים העברו,,
559,אודות קיום שטרות עפי דמיון או עפ הכרה בטביעת עין,,
560,השמאים יעריכו מן המחי׳ ומן הקרן שיש לו בפני עצמו וכשהקרן הוא בתוך המחי׳ אזי להעריכו מן א׳ מהן,,
561,ענין עריכות סכום ובדבר הגליל,,
562,לעשות שליש חסד מסך שלו עפי שבועתו,,
563,אודות איזה מנהיג שנתקבל לרב ומורה באיזה קהלה אזי בכלות רביעית שנה מיום שנתקבל או ליסע לקבל הרבנות או לבטל הרבנות,,
564,אין לבעל דבר להגיד עסק משפטו כלל לפני שום מנהיג,,
565,אודות סוחרים ממדינות .פולין למדינת ליטא. -,,
566,אודות שטח של אנשי מדינות פולין על מדינתם,,
567,לשלוח הרייסטריש לוועד המדינה עכפ תוך שמונה ימים,,
568,גביות חמשה מאות סכומות לפרעון חובות מדינה,,
569,עד חוב של נאלד שחייבים לו המדינה,,
500,אודות חמשה מאות סכומים לפרעון בח הנל,,
571,אודות המשולחים לראשי הקהלות והגלילות והישובים,,
572,כל החשבונות וקוויטין וכתבים שלא נחשבו בוועד דהאידנא המה בטלים,,
573,אודות הקוויטין שיצא בהתוועדות דהאידנא,,
574,הרשות לכל ההלה לעשות להט תיקונים כאות נפשם רק שלא יסתרו תיקונים ומעשה המדינה,,
575,קביעות הוועד תכז,,
576,כל התקנות הקודמים הבלתי סותרים המה בתוקפם,,
577,אודות שנתקבל לנאמן המדינה הה הראש כמוהר יוסף במוהר דוד מקק בדיסק,,
578,אודות נתינת תוקף ועוד להה הנאמן הנל,,
579,חובות שחייבים המדינה,,
580,משפט ג׳ ראשי קהלות עם קק ווילנא אודות החוב מסך שלשים אלף זהו׳,,
581,חובות הקהלות שנח להמדינה,,
582,סכום המדינה,,
583,האסגנציש שניחנו לבעח שחייבים להם המדינה,,
584,ליסר שבע על חטאתם אותן אנשים שהלכו להכניס ראשם בעסק מכסים,,
585,(וועדחאמסקתכזלפק),,
586,"תקפח, להחזיק בחורים עכפ לא פחות משמנה עשר בכל ראש הקהלה",,
587,לקנות קונטריסים,,
589,כל ראש בד בצירוף המורה ישגיחו על הסביבות שיחזיקו בחורים,,
590,אודות איזה קהלה וישוב שירצו לקבל מורה צדק אשר לא [היה] עדיין אבד בשום מקום,,
591,סמיכות מורינו,,
592,אודות סמיכות חבר,,
593,תוקף על התיקון שאין רשות להרכנים שבסביבות לסמוך חבר בלתי רצון האבד של ראש כד שלו,,
594,אודות קהלות קטנות שלא הי׳ להם רב קודם שנת תח,,
595,אודות המוכיחים הדורשים ברבים בלי רשות מרי דאתדא וזטהע,,
596,אין ליתן כתב קיבוץ בא באסיפת כל מנהיגים וג׳ יכולים לעכב,,
597,לכתוב דברים . כהווייתן בגביות עדות אף שהוא זבות לכשנגדו,,
598,שום מנהיג אינו רשאי להיות שרייבר,,
599,בנים הטנים מבן ט׳ שנים ולמטה הבאים עם אביו לעיר אחר שנשא שם אשה יש להם חזקה מיד ולדורות,,
600,אודות גפינות המלך ירה יקום כפי פנקס הקדום בשנת תטו,,
601,שלא לקרוא לסת בוועד המדינה כי אם הרבנים ורמ,,
602,למעט בסעודות בברית מילה וחתונה,,
603,סעודות וואך אסור לעשות,,
604,אודות לקיחת רווחים,,
605,אודות מעות קווערטנר,,
606,מחויבים להקל הסכום מהלומדים שתורתם אומנתם,,
607,אודות למדן שיקובל לאבד לקהלה אחרת,,
608,בענינים שירד לחזקת אורנדי ומסירות וחילול השם הכאות ושר אזי לקרב משפטן לבד הנל דוקא,,
609,מנהיגי הקהלות הראשיות וסביבות וגלילות אינם רשאים ליקה פסק געלט,,
610,אודות טשאפווי וקראפקי והאורנדא וכדומה לזה לא יהזיקו מן המנהיגים כי אם שנים,,
611,שלא לשנות מאומה בתפלות אף בניגונים,,
612,להעניש הרב אשר יקה מהכנסת הרב דבדה׳ג יצו,,
613,אין לחתום שום כתב דמ או שאר עסקים רק מה שעלה באסיפה,,
614,להשגיח להתנהג כפי הכתבים שיצא מבד הגליל,,
615,"אודות הוצאות נולדות השייכים להוצאות מדינות,",,
616,שלא ליתן קוויט על המדינה באיזה יריד,,
421,מבריי הייזיר ומאלטש הייזיר ומוויניציס ושפייכליר שיש בהן הכנסה ליתן סכום,,
618,בקשת הנהו תרי גיסי הר׳ מ' יוסף במוהרד ומהרר דוד אודות שיהי׳ סך תשעה אלפים ביד המדינה עצ׳ה לקלויז,,
619,כל התיקונים הבלתי סותרים לתקנות דהאידנא המה בתוקפם,,
620,חובות שחייבים המדינה,,
621,הלואה לקק לעכוויטש,,
622,חשבון הקוויטין,,
623,לא יקובל הקוויטין להבא,,
624,סילוק דוחים להקלויז דקק בריסק,,
625,לגבות תת סכומים על פרעון חובות,,
626,אודות האסיגנציות שנמסרו להה הראש מ' יוסח ר׳ד לפרעון חובות המדינה,,
627,לזכרון איזה חשבונות שהי׳ לפני וועד המדינה ואיזה שלא הי׳ בפני וועד המדינה,,
685,(וועד ת  ל ל פ  ק),,
629,תוקף לכל התקנות :בעסק ישיבת ולימוד ולהחזיק ידי לומדי תורה,,
630,לפקח בענין נתינת הריבית באופן שהציבור יוכל לעמוד בו,,
631,אין לעשות שום הטלה לצורך הוצאות הקהלה,,
632,אין רשות לראשי קהלות ליתן פתקא דאזמנתא עד שיהי׳ בידו כתוב וחתום שהניח ביד הקהל שלשים שאק על הוצאות ושאר תקנות בעגין זה,,
633,אין להגיד פסק הקהל או פסק המדינה להצדדים עד אחר שיורשם ראשי פרקים תורף הפסק בחי הרב והפח,,
634,אין להושיב בכת א׳ שלשה דיינים ששלשתן גג תרי בעל,,
635,להיות שני מנהיגים ומנהיג א׳ מקק בריסק בהתחלת וועד מלך ושרים,,
636,איש אשר ילוה בלי ידיעת הקהל מפריצים וגלחות אזי לענשו בחרמות ושמתות ובחרפות וביושים ולאבד חזקת ישוב ולעשות לו כל רדיפות,,
637,שלא לכתוב בשום אסיגנציות להוציא עפ עשג,,
638,פירוש על התיקון דוועד חאמסק. ושלא ליתן שום מתנה בין וועד לוועד,,
639,רשות להיושבים על הספר דמדינת ליטא לפשר עם הבאים ממדינות פולין שלא יסע לליטא,,
640,כל חברה יעשו שני גבאים מהחבורה ההוא ושני גבאים יעשו הקהל חוץ מחבורת קברנים,,
641,מי שמתה אשתו או נתגרש תוך שלשה שנים מיום שנשאה אין לו חזקה,,
642,חרמות ושמתות על אותן השמשי׳ שאין נותנים כתוב וחתום,,
643,לכתוב תשובה על גוף המדינה,,
644,אין לדחות השמש משירות שלו עד שיבואו אותן הישוב אל ראש בד שלו עם אמתלאות שלהם ויקום כרצון ראש בד,,
645,מי שהמיר דתו ונראה בעיני ראש בד או להקהל להצילו הרשות בידם,,
646,תיקון בדבר גונבי ילדים,,
647,לכל עש מחויבים הקהלה ההוא ליתן עם הסביבות הקדמה מאה שאק לי׳ והמותר על המדינה,,
648,אודות עש שעולה הוצאה יותר מחוץ זה,,
640,הוצאות עש יותר מאלף זהו׳ יהי׳ בהסכמת כל ג׳ קהלות,,
650,אין לשנות בכתבים שום ענין בעסק עש,,
651,תוקף לתיקון אשר געשה בוועד קק חאמסק אודות קבלות והוצאות עש,,
652,תקנה הנל ושאר תקנות הצריכיט הכרזה יכריזו כל רבע שנה,,
653,הוצאות סימייקיש בראשי הקהלות יקובל עד מאה וחמשים זהו',,
654,אין להבורר ליקח לו התמנות מה שלא הי׳ לו מקודם,,
655,חרמות על קושרי. קשרים נגד הקהל או נגד מעשה הקהל ובכללם הולכי רכיל,,
656,אנשים הבאים ממדינות אחרות אשר לא ממדינת ליטא אזי למחות אותם שלא לקנות ולמכור עם ערלים,,
657,תושבי קק טיקטין יתנהגו כפי פסק שבפנקס,,
658,לעשות תקנות בדבר סכום בריי הייזיר ומאלטץ הייזר,,
659,אין לגבות שום גביות עפ גלגול רק למה שמבואר בשע ובפנקס המדינה,,
660,פירוש על תקנות הסוחרים בעניגי חזקות נגד יושבי ישובים וקהלות,,
661,אין לקנות שום מציאה שיש בו חשש סכנה,,
662,אין שותפים להמדינה מעסקי חשש הגל,,
663,"הבורחים מפולין ובאים לגור במדינתנו אזי לגרשם ובאם לאו אזי האחריות הבא מכחם על אותה הקהלה לבדם,",,
664,אותן האנשים המכניסיס ראשיהם בעסקי מכסים בלי הרמנא וכדומה לזה החושבים מחשבות רק למלאות גנזי אוצרות השרים והפריצים אזי לרודפם עד חרמה ושאר חומרי עונשים,,
665,אותן אנשים המסבבים מעיר לעיר לקבץ אין ליתן להם שפ שום פרוטה אם לא שיש בידם כתב ראשי׳ מבד שלהם שנתנו להם רשות לסבב. -,,
666,ענוש יענש מי שלא יבא תוך מעת לעת מיום המוגבל להתוועדות,,
667,לשפוט תחלה את היחידים ואחב את הקהלות הכל בשני שבועות הראשונים ואחב בעסקי המדינה,,
668,אין לעשות סעודות חתונה כלל בשבת יהי׳ מי שיהי׳ כא בחול,,
669,אין לעשות רק סעודה א׳ אחר החופה . ולקחת רק ד׳ מנינים,,
670,לסעודות ברית מילה לקחת רק מנין א׳,,
671,איסור לבעל סעודה לירן דבש מכיסו לסעודה,,
672,ובחרם על השמש שלא לקרות בא עפ רייסטר,,
673,ואזהרה גכ על הפח החותם יותר,,
674,"קביעת מועד אסיפת טבת תלג לפק, תרעו, עד התיקון סכומים מדינה",,
675,חובות המדינה,,
677,ערך גלגולת,,
678,(ו ' ועד ת ל  ג ל ם  ק). להחזיק ב ע ץ ח י י ם,,
483,אסור להלות על שטח רק כה גפ ועל משכון רק עשרים גפ,,
600,יריד געלט אין ליקח רק משטאלוויטש וקאפולי' והיזיקו' ירידי׳ לא יעלר. יותר מן ששה זהו׳ מלבד רווחים,,
681,פסק געלט אין לשום בד בעולם לשאול חלקם בפיהם,,
682,דייגים בידידים אין להם ליקה פסק געלט או מעות פשרה רק ממשפטים שהי׳ לפניהם,,
683,נתבטל שותפות המדינה עד וועד דלהבא בעש רק שני דדכים,,
488,אין לשום בד לשנות מדברים הנ׳ל ואין לתבוע המדינה לפני הגאונים לעשות א־זה פירוש הדומים בעש לשני דברים. ',,
489,תקנה הנעשה בוועד תל שלא יסבבו העניים נתבטל בוועד דהאידנא,,
686,תקנה המבואר בוועד הנל מי שלא הי׳ מנהיג אין רשאי הבורר לעשות הנזכר שם הרשות ביד הקהלת לבטל אותו תקנה אם ירצו,,
687,ליסע מנהיג א׳ מראשי הקהלות אל וועד ווארשי׳ ואודות הוצאות ווארשי׳,,
688,תקנהיהקדומה שאין לשום אדם להחזיק מכם ושאר שירות בלי הרמנא אץ בכללם ראשי הקהלות,,
689,מי שלא ציית דין ישראל ומציל עצמו מחמת השררה מוחרם,,
494,מקום שאין בו מנין קי.וע אין לקבל בחשבון הוצאות הסימנק יותר מעשרים זהו׳,,
691,אין ליתן לשום מנהיג הנשלח לברר וללבן החשבונות רק חמשים זהו׳,,
692,מנהיגי קק הוראדנא על מאה סכומים סילקו תפ זהו׳ ולהוסיף זה בגלגולת,,
693,לשלוח שטר רבנות לאיזה קהלה שיהי׳ דוקא עי יהודי׳ עני ההולך רגל או עי ציר ערל,,
694,אודות נתינת מעסק טשאפווי להמדינה,,
695,אודות השוכרים אורנדי מאיזה פריץ ולא מהסקארב ולא מיהודים,,
696,למעט בהוצאות הסעודות יקום כתיקון הנעשה בוועד תל ולסעודה אחר ליל חופה יהי׳ רק מנין א׳ עם החתן ושושבינים,,
697,כל שטח ואבליג יהי׳ נרשמי׳ בפנקס המדינה,,
698,שליחות הכתבים יהי׳ כסדר הקהלות,,
699,אם לא יהי׳ נרשמים שח ואבליג בפנקס יהי׳ בטלים ומבוטלים,,
700,שלא ליתן שום מתנה או שכר טירחא לראש מדינה,,
701,אין ליתן לשום אדם בשעת הוועד יותר מטו זהו׳ ונתינות בין וועד לוועד יקום כתיקון וועד תל,,
702,אודות הלוואת הא׳ הרר אשר מווילנא,,
703,אודות סבלונות להיתום בן הק׳ מ׳ טובי׳ מתוך המדינה סך מאה זהו׳,,
704,כל התקנות הבלתי סותרים להנל המה בתוקפם,,
705,סכום ריישטר הנעשה בוועד מדינה דאידנא,,
706,(ו י ועד תל ' ו),,
707,להחזיק בעץ החיים,,
708,להחזיק ישיבת בחורים ונערים אף בין הזמנים,,
709,לקנות קונטרסים שיהי׳ בזמנו,,
710,לעשות תקונים עם האבד בלקיחת רווחים שיהי' בהיתר,,
711,"כשיבא המלוה לתבוע את הלוה בעד רווחי׳ אין להבד לפסוק יותר מב׳ גפ ממאה זהו׳ ועל המשכון לא יותר מן שבעה עשר גפ מכל מאה, וקניית שח אינם בכלל איסור הנל",,
712,איסור שענק בשבת,,
713,שום כתב שלא הי׳ נגמר באסיפת וועד עפי שקלי׳ וטרי׳ היטב או שלא נכתב בפירוש כנל דהיינו שנגמר באסיפה כנל,,
714,דעת הרב באיזה המשפט שיהי׳ אם הוא בד שקול אזי דעת הרב מכרעת,,
715,הנהגת המעריכים סכום המדינה,,
716,אודות דין ומשפט בין יחיד לרבים בראשי הקהלות,,
717,עוד בענין הנל בין שני גלילות או קהלות,,
718,"אודות תיקון הקדום הרב שחזר לקהלתו להיות בעל מבית אין להניח בקלפי תוך שני שנים מיום ביאתו פירושו דוקא פתקא שלו אבל שרי להניח פתקא של איש אחר להיות במקומו,",,
719,תוקף לתיקון שהרשות להקהלה לבטל התיקון שהבורר אינו רשאי ליקה לו התמנות שלא הי׳ לו מקודם,,
720,לעשות בעלי תקנות. ואודות התקנה להקל הסכום מלומדי תורה אזי הבעתק יעיינו עם הגאון מי הוא נקרא למדן,,
721,אודות סעודת נשואין בשבת,,
722,קנסות שיפלו בקהלות חצי לביקור חולים וחצי ללומדים עניים,,
723,חיזוק על תקנה למעט בסעודות גם בענייני מלבושים,,
724,אודות שיתוף עש,,
725,תוקף על התיקון הנעשה בוועד שפח שאם לא הודיעו לרב קודם חצי שנה שרוצים לסלקו הרי הוא מקובל מאליו כתיקון הראשון,,
708,עונשים וחרמות על אותן מנהיגים שלוקחים פסק געלט חוץ מזבלא,,
727,למנות ממונים על חייטים שלא יתפרו בחוטי קנבוס כא שיהי׳ טווים עי יהודים,,
728,לכתוב בכתבים דראשי קהלות שלא יועיל עד שיסכימו שאר ראשי קהלות,,
729,להשגיח ולהעניש אותן אנשים המעלים איזה דבר חדש הן במכסים ושארי הכנסות,,
730,אודות הסוחרים הנוסעים ממדינת ליטא לגרעניצין ומדינות פולין,,
731,חרמים ושמתות על שחותמין שמות המנהיגי׳ באבליגעש בלתי ידיעתם,,
732,כל ראש בד מחויב להשגיח על התיקונים שיתקיימו ותקונים שאין סותרים המה בתקפם,,
733,קביעות הוועד תלט לפ׳ק,,
734,סכום המדינה,,
735,חובות שהמדינה חייבת,,
736,(וועד תלט לפק),,
737,להחזיק ישיבות,,
738,ולקנות קונטרסים,,
739,להעמיד איש הירא להשגיח על איסור שענק ואיסור טלטול בשבת,,
740,להסיר המכשלה איסור משקלות ומדות גרועות ולהעמיד אנשים חשובים עז,,
741,תוקף לתיקון הקדום לחלק מהכנסת הקהלה לעניים לומדי תורה ולהתחלק הקנסות שיפלו בכל קהלה,,
742,לומדי תורה אשר לא ימושו מתוך האהל להקל עמהם בסכום שיתנו וגם לפקח עמהם בדבר נתינות הקראפקי,,
743,יחידים הדרים בישובים מחויבים לבא לתוך הקהלה בימי הפסח ובפרשת זכור,,
744,שלא ליקח שכר חתימה,,
745,איזה איש שמורה דרך איזה מחי׳ או משא ומתן לערל הוא מוחרם ומנודה ולפרסם קלונו עם הכרוז ברמה,,
746,להעמיד בפרץ ולהשתיק למלשין והתשלומין חל על הקהלה בכלל,,
747,דין בין יחיד ויחיד משני גלילות או קהלות ידונו בבד של הנתבע,,
748,משפט בין יחיד לרבים בראשי הקהלות יקום לפי תקנות דוועד תלו,,
749,לעשות תיקון כמה ליתן סכום מכל מאה ומכל מחי׳ ולהביא הרייסטרש משני פסחים לוועד המדינה,,
703,אין לעשות תקנות חדשות בעסק קבלות הרב כל משך זמן רבנות בראשי הקהלה,,
751,כתבים שיצאו בין וועד לוועד,,
752,אם יהי' איזה חלוק בפירוש התקנות יקום עפ הרב בצירוף דעות,,
753,תוקף עונשים על קושרים קשרים וענשי קנוניא,,
754,כתבי עניני משפטים הנכתבים בין וועד לוועד יהי׳ לפי סדר הההלות הראשיות,,
755,שלא להכניס שום אדם בקהלה אחרת בעסקי דינא דמלכותא,,
756,אסגנצי׳ שלא נתפרע אחר שיכתוב נלכד חל האחריו׳ על המדינה,,
757,אם יהי׳ חילוה בפירוש התיקון בעסק  סכום,,
758,אודות מתנה קוויט בין וועד לוועד,,
759,הוצאות ווארשי׳ וכל וועד וקאמיסי',,
700,ליסע א׳ מראשי הקהלות לוועד ווארשי׳ או לוועד הוראדנא,,
761,לעשות סדר הוצאות על הוועד מלכות,,
762,סדר סופרים ושמשים דקק הורדנא וקה פינסק,,
763,חובות שחייבים המדינה להיחידים,,
764,זמן המוגבל להתוועדות המדינה,,
765,אודות בורר בחה פסח שלא לעשות לעצמו מינוי שלא הי׳ לו מסודם,,
766,הצעד של יחיד נגד הקהל,,
767,אודות שיתוף עש,,
768,באם איזה קהלה שעתא דחיקא לזוזי טובא מחויבים המדינה להעמיד להם פרעון,,
769,התוועדות המדינה תמב הבעל,,
770,כל תיקונים הבלתי סותרים יעמדו בתוקפם,,
771,חובות שחייבים המדינה להקהלות,,
772,תוקף הפסק על הצעת דברים של רוזני קק הוראדנא על אותן אנשי' שקובעין דירתם בבתי הערלים,,
773,(וועד ת מ  ד ל פ  ק),,
774,להחזיק ישיבות כמבואר בתקוני וועד תלו ובענין שמירת שבת ואיסור שעטנז,,
775,לשפוט תהלה בעסקי משפטים הן בדיני ממונות הן שאר דברים קודם הערכת סכום,,
776,מי שלא יבא לוועד המדינה ליום המוגבל תוך שלשה מעלע,,
777,אודות עריכות סכום המדינה,,
775,אודות מנהיגים שישלחו ראשי הקהלות לירידים,,
779,אודות רייסטריש הוצאות למדינה,,
780,"פירוש על התיקון שנתבטל שיתוף עש חוץ עלילות ממזר חו.,",,
781,בהלוואות יחיד ליחיד לבטל היתר הזקוקים מהיום בכל חצי שנה חוץ הלוואת קהלה ולכתוב בזקוקים יא ליטיג והרווחים מכל מאה חי גפ. ועל המשכון חצי זהב ומהקהלה מכל מאה חצי זהב בלא משכון,,
782,תביעות יחיד את הקהל שלא במדינה בפני גאונים צריך להיות בידו כתוב וחתום,,
783,הוצאות והיזיקות על אותן הקהלות שלא יסלקו גבייתם,,
784,גביות חמשים סכומות מדינה לפרעון,,
785,אודות גלגולת בעסק מאנטוב,,
786,שאין לשום קהלה לנכות מגביות שלהם על שום הוצאה שהי׳ להם על המדינה,,
787,הדיינים שבירידים לא יקהו שום פרוטה מקנם לעצמם,,
788,כל משך הרבנות אין לעשות שום תקנה בשום שינוי הנוגע נגד כבוד הרב,,
789,בענין עדות שונא גדול,,
790,אודות שירות בכל עסקי מכסים,,
791,לשלוח אנשים לידע מספר גלגולתא אקרקפתא דגברא,,
792,קודם התחלות כל נדרי להחרים המסירים ולאררם ולקללם,,
793,להתנהג בנתינות אסיגנציות,,
794,מועד קביעות הוועד,,
795,תקנות הבלתי סותרים יעמדו בתוקפם,,
796,םכום רייסטר,,
797,עד עסק נאמנות במדינתינו יצו,,
795,חובות שחייבים המדינה יצו,,
799,(ו וועד תמז לפק),,
800,.להחזיק במעוז עץ החיים ולהחזיק ישיבות,,
801,אודות הסופרים מוכרי תפילין המסבבים מעיר לעיר,,
802,קראפקי הנעשה בחרם בבהכ אין להשכיר ליחידים,,
803,דין בין יחיד ליחיד בראש הקהלה בפני מנהיגים בצירוף הגאון,,
804,השמאים יהי׳ בתוכם שלשה מוסכמים למורינו ושנים לחבר,,
805,למדן יושב אוהל ולומד בישיבה אין להשביעו : בבד.כ כא בביתו בפני השמש וסופר. ׳,,
806,אודות משולחים מהגלילות יהי' אנשים אמודים,,
807,גלילות וקהלות שאין סכומם עולה שלשה זהו' לא ישלחו כא שליח א',,
808,אודות חזקת אורנדא,,
800,אין לשום אדם לקבוע דירתו בישובים בלתי ידיעת ראש בד שלו,,
810,אודות פסקים שנפסקו בוועד המדינה,,
811,כשירצה המתחייב לבקש התרה או מחילה יבקש בהאסיפה דוקא,,
812,להחרים בכל עריח לקושרי קשרים ועושי קנוניא,,
813,לבחור שני גבאים לעניי ארץ ישראל,,
814,שלא להיות סופר משאר גלילות כי אם בידיעת ראש בד מהגליל ההוא,,
815,עוד חרם הקדמונים על קושרי קשרים,,
816,בכל החברות יהיו שני גבאים מן החברה ושני גבאים יבחרו הקהל מהקהלה,,
817,לעשות תקנות בדבר ברירות דיינים לירידים מראשי קהלות,,
818,אין לדייני יריד לדון כי אם בשח שזפ יריד וגם עסקי מומ הנעשה ביריד,,
819,אודות חלוקת כבוד הנעשה בקהלה בעת שהי׳ הרב עם מנהיגים בוועד המדינה אין בו תוקף,,
820,איפה ואיפה מדה ומדה אס' לגוי איסור גמור,,
821,אין לכתוב אסיגנציות בוועד המדינה בלתי הסכמה באסיפה,,
822,אין לשלוח כא רמ ועוד איש א׳ להיות טוען,,
823,משפט יחיד עם קהל אזי לדון בזבלא עם הרב,,
824,משך ימי הוועד רק ששה שבועות,,
855,הפרנס הוועד׳מחויב להושיב המדינה מידי יום ביום מיד אחר יציאות מבה,,
826,על קק פינסק להשתדל מהשררה בעת שיהי׳ הוועד בקק חאמסק להיות נכנסים ויוצאים בשלום,,
827,התיקוגי הבלתי׳ סותרים יהי׳ בתוקפם,,
828,(וועד ת נ  א ל פ  ק). פסק דרוזני קציני נגידים קק סלוצק יצו להיות קהלה בפני עצמה תנא לפק,,
829,כרוז הנכרז בבה בוועד הנל,,
830,אודות הפרשת ממון סך מסוים שהפריש הגאון מ' משה על בית המדרש דקק הורדנא,,
831,נדבת המנוח מ׳ גרשון מווילנא להמדינה יצ׳ו,,
832,עוד מנדבת המנוח הנ׳ל לבנין בית תלמוד,,
833,נדבת הרר יוסף בה מרדכי מקק הנל,,
834,אופן הנהגות מן מעות של מ׳ גרשון הנל ור׳ יוסף הנל,,
835,סכום רייסטר הנעשה וועד הנל,,
836,להחזיק בעץ החיים,,
837,להזמין השוחטים ובודקים של עירות וכפרים,,
835,שום רב לא יקובל עבור מעות הלואה,,
839,איסור גמור ליתן מעות למקבל הרב,,
840,וכן שום רמ לא יתן מעות לבחור אותו לרמ,,
841,יחיד עם רבים מחויב השמש ליתן כתוב וחתום,,
842,והברירה ביד היחיד או לחתוך בזבלא או בפני דיינים כשרים,,
843,באם שיתרה השמש להקהלות ולא יעמידו טוען,,
844,אם לא ישגיחו הקהל לקיים הפסק,,
845,אודות העברה ליחיד מראשי הקהלות.,,
846,אם יהי' ערעור על איזה רמ,,
847,ואופן העברה לא יהי׳ יותר רק על שנה א',,
848,אם יעברו בוררים פסח איזה תקנה,,
849,אם יהי' מסופקים בדבר אם עבר ואם לאו,,
850,עסקי דמים בירידים אף שלא נתהוו בירידים,,
851,שח וקישורים בכמ אשר '.ימצא מחויב לצד,,
852,בשעת אסיפת הוועד אם יסע איזה גאון מהמדינה אזי הנשארים נקראים אסיפה שלימה,,
853,והה אם לא ירצו? איזה קהלה לבא לאסיפה בטלה דעתם־,,
854,משולחים ווארשי,,
855,הנהגת וועד המדינה,,
856,התיקונים הנעשים מחויבים להיות נרשמים בפנקס הקהל,,
857,אודות הוצאות השלוחים לוועד מלכים,,
811,שום גליל וישוב אין רשאי לבקש שום התנשאות,,
859,להודיע רביעי׳ שנה קודם זמן האסיפה,,
860,אודות שהנתבע דוחה את התובע למקום המשפט,,
861,קביעות הוועד להבא,,
862,תקנות הקודמים שאינם מותרים יקום בתוקפו,,
863,פטור מיורשי המנוח מ׳ יצחק מאסטר,,
864,אודות שטח והתחייבוי׳ שנתנו המדינה לבעח,,
865,אודות האסיגנציות שנתנו לכח לפרעון,,
866,מסרו הרמ שני אבליגש גאלי׳ למ׳ יואל מבריסק,,
867,(ו ו ע ד ת נ  ה ל ם  ק),,
868,להרבות ישיבות,,
869,התרות נדרים ושבועות יהי׳ עפ בד חשוב,,
870,בדבר עדות אשר ראינו לגדור יראו כל בד הנל לעשות תקנות בזה,,
871,יחיד נגד קהל שלו אם לא תבעם לוועד המדינה בטלה טענתו,,
872,מי שילך בדרך לא סלולה מחויבים שארי ראשי קהלות להחזיק בחרם,,
873,תוקף על התקנה בוועד שפח בענין אחריות הקהל להרב וזט העיר,,
874,אודות הקראפקי מאורחים,,
875,להחזיק בחרם מי שיחרימו הקהל,,
876,",מי שלא נכנם בסכום רק דרך פשר אינו רשאי להיות ראש",,
877,איזה כתב שיהי׳ נגד הפנקס אין להשמש להשגיח בו,,
878,שלא לכתוב בשום כתב לילך בעשג,,
879,ושלא ליתן פורין לעניים,,
800,"שלא ליתן מורינו עד שמונה שנים אחר החתונה ושילמוד שיעור גמ, וחבר שני שנים אחר נשואין",,
881,מי שנתקבל לאבד ולא הי׳ תופס ישיבה צריך שיחי׳ לו הרשאה משני גאונים,,
882,שלא לעשות מי שבירך ושלא לשלוח דבש,,
883,שלא לעשות חתונה בשבת ושלא לקרות על חתונה ובמ כא כפי התיקון,,
884,אסור לעשות תקונים בין וועד לוועד,,
885,"הבוררים לא יעשו שום שאלה בשעת בוררים, ובאם יעברו איזה תקנה יקום כפי תקנות וועד תנא לפק",,
886,אין לעשות בוררים כי אם מקלפי,,
887,"שלא יזדקקו שום ראשי קהלות בעסק דיני ממונות בין יחיד להקהל כא יקום עפ זבלא, וגם שאין השמש מחויב ליתן לו כתוב וחתום אם לא שלא ירצו ליתן לו משפט",,
888,השמאים יקום בתהנות עולמית,,
889,תקנה בענין מי שהי' קרוב ונתרחק,,
890,משפט כין יחיד השייך לקלפי ובין הקהל באם יעבר פסח ולא ידון,,
891,סכום מדינה מחויבים כל קהלה וגליל להביא חשבון צדק וועד המדינה מה שגבו,,
892,סכום מדינה להבא (כפול לעיל),,
893,שלא ליתן אסיגנציות בין וועד לוועד,,
894,תוקף על תקנה הנל שלא ליקח בורר התמנות שלא הי׳ לו מקדם,,
895,נתינות טשאפווי ושילינגאווי או קראפקי שיקוים עפ מנהיגים בצירוף הרב,,
896,עונשזילותא והעברה יהי׳עפ שלחן מלא,,
897,"התובע הולך אחר הנתבע בטענות בעם, ובשטר יקום כפי תקנות חאמסק",,
898,הבוררים מחויבים לעשות חמשה מנהיגים בעלי סכומות ועכם שיתן מאה זהו׳ לשנה,,
899,באם שיתנו הקהל בזבלא לאיזה אדם יהי׳ נבחר הבורר בוועד הקהל ועם תרי רובא. ושום מנהיג לא יהי׳ בורר מצד היחיד,,
900,חשבונות חובות המדינה,,
901,הערכות סכום של קהלות וגלילות,,
902,לעשות גמר וסוף לכל מעשה המדינה,,
903,פסק בין קק ווילנא וקק הורדנא בעסק ישובים,,
904,פטורים מיורשי המנוח מוהרר יצחק מאסטיר,,
905,((סכו £ ם1וועדתסלפק)),,
906,משפט ליחT עם הקהל,,
907,מאלופים קק מינסק,,
908,כתב הפרשה מבד יפה דקק ווילנא,,
909,((וו5ע ודאמדורתפלפק)),,
910,להחזיק ישיבות בכל קהלות,,
911,להעמיד ממונים בכל קהלה על מדות ומשקלות,,
912,בענין קבלות הרב כמה אזהרות שלא יהי׳ בו צד איסור,,
913,שלא לקבל אבד כי אם שיהי׳ עכפ יב שנים אחר החתונה ושלא לקבל שום רב בעוד שהרב הראשון שם באותו קהלה,,
914,ראם שיודחה איזה רב מרבנות שלו מחמת השררה אזי חדא לאותו קהלה לקבל שום רב אבד אחר במקומו,,
915,באיזה; מקום שלא הי׳ בו אבד מעולם אסור לקבל להם. אבד עד וועד קודש דלהבא,,
916,אם יהי׳ איזה היזיק להרב אבד או למנהיגים יקום כפי תקנות הקודמים,,
917,אם יתקבל הרב עפי איזה פונקטין אזי אין יכולין המנהיגים לבטל אותן,,
918,לקבלת רחש לא יהיו שייכים יותר מן לג אנשים,,
919,איך להתנהג עם המסור בכמה עונשין. תתקכא. לכל אסיפת וועד מדינה יהי׳ מכל ראשי קהלות רק שני רמ ולא יותר,,
902,באותה שנה שיהי׳ זמן אסיפת הוועד מדינה יעשו הבוררים בחהמ פסח רק רמ א׳ והשני יהי׳ נבחר באותו קהלה עפי זך אנשים,,
922,המנהיגים אין רשאי׳ ליקח דמי חתימה משום כתב ובקנס העברה עליו באם יעבור,,
923,"שלא ליתן שום עילוי לשום אדם, ושאין הבורר ליקח לו התמנות מה שלא הי׳ לו עדיין, גם לדיינים לא יכתב עילוי רק בכת א׳ ומי שהי׳ רב אף בכל כתות",,
924,אין המנהיגים רשאים להכניס ראשם בדיני ממונות כלל ולא בהערכות סכום,,
925,השמש מחויב לעשות כפיו׳ להלוה שחייב עפ שטח והמנהיגים מחויבים לעשות לו כפיו׳,,
926,אין ביד שום קהל ליתן הרחבת זמן גלייט לשום בעח לא יותר משנה ובתשלומי רווחים ועפ ערב מספיק או על חצי שנה בלי תשלומי רווחים,,
927,בורה יתנהגו כפי תקנות הקודמים,,
928,שלא להיות לשום אדם מוכסין או שרייבר וכדומה בשום מכס בלתי הסכמות הקהל ודווקאעפ דעות נעלמים,,
929,"שני ראשים_.אינם רשאים להחזיק שום נתינה וגם לא יותר משני מגהיגיט, תתקלא. אין לשום אדם להנות איזה חוב על המדינה או על איזה קהלה",,
930,דין יחיד שיש לו משפט עם הקהל,,
932,אין שום פרנם החודש רשאי ליקח בידו מעות של הקהל כא יהי' דוקא הכל ביד הנאמן,,
933,"אין לשום קהל לשלוח לחברה ק׳ גחשא לעשות כפי' לבמ עכצשת להלין אותו, זולת למי שהי' מסרב. ופורק עול",,
934,בקלפי של התמנות בחהמ פסח לא יהי׳ בשום קהלה יותר מחמשים פתקאות עפ תקונים שיהי' אצלם מי יהי׳ שייך לקלפי,,
935,אם יבורר על איזה אנשים שנכנסו בקשור תכ וקנוניא אין רשאי לישב זה אצל זה,,
936,זמן קביעות וועד דלהבא,,
937,בל תקנות הקודמים שאינם סותרים לתקנות אלו כולם בתוקפם ובגבורתם,,
938,"עד תקנות הקהלה דקק הורדנא,",,
939,זמן משך ההתוועדות חצי שבט תפ לפ,,
940,,,
0,,,
0,,,
