dist,cname,nl,name,id
blz,blz,belz,Bełz,10967
blz,bsk,busk,Busk,4391
blz,chljw,cholojow,Chołojów,3299
blz,csznw,cieszanow,Cieszanów,14537
blz,dbnk,dubienka,Dubienka,2132
blz,grbwc,grabowiec,Grabowiec,6883
blz,hnw,uhnow,Uhnów,3144
blz,hrdl,horodlo,Horodło,3284
blz,jrczw,jarczow,Jarczów,7490
blz,kmrw,komarow,Komarów,7405
blz,krystynpl,krystynopol,Krystynopol,7081
blz,krytnc,korytnica,Korytnica,10920
blz,lbczw,lubaczow,Lubaczów,11253
blz,lbycz_krlwsk,lubycza_krolewska,Lubycza Królewska,11323
blz,lpsk,lipsko,Lipsko,6911
blz,lszczw,laszczow,Łaszczów,3112
blz,lszyc,oleszyce,Oleszyce,6899
blz,mgrw,magierow,Magierów,6906
blz,msty_wlk,mosty_wielkie,Mosty Wielkie,14719
blz,nmrw,niemirow,Niemirów,7070
blz,nrl,narol,Narol,10798
blz,ptk,potoki,Potoki,3676
blz,rdzchw,radziechow,Radziechów,14634
blz,rw_rsk,rawa_ruska,Rawa Ruska,14561
blz,skl,sokal,Sokal,10938
blz,stjnw,stojanow,Stojanów,14700
blz,strzmlcz,strzemilcze,Strzemilcze,10586
blz,szczrwc,szczurowice,Szczurowice,2951
blz,tmszw_lblsk,tomaszow_lubelski,Tomaszów Lubelski,7401
blz,trtkw,tartakow,Tartaków,10940
blz,tyszwc,tyszowce,Tyszowce,3113
blz,wlk_czy,wielkie_oczy,Wielkie Oczy,7064
blz,wrz,warez,Waręż,7082
blz,wtkw_nwy,witkow_nowy,Witków Nowy,10950
brc,bdwk,obodowka,Obodówka,1530
brc,blt,balta,Bałta,8037
brc,brclw,braclaw,Bracław,5513
brc,brhlw,brahilow,Brahiłów,1096
brc,brszd,berszada,Berszada,12976
brc,cknwk,cekinowka,Cekinówka,9393
brc,czczlnk,czeczelnik,Czeczelnik,5282
brc,dszw,daszow,Daszów,896
brc,dznkw,dziunkow,Dziuńków,844
brc,grnw,granow,Granów,1533
brc,hjsyn,hajsyn,Hajsyn,12910
brc,hmn,human,Humań,5285
brc,jnszgrd,januszgrod,Januszgrod,13193
brc,jnw,janow,Janów,4865
brc,kchnwk,kochanowka,Kochanówka,1091
brc,kmrgrd,komargrod,Komargród,7350
brc,krsn,krasne,Krasne,9394
brc,krt,krute,Krute,11907
brc,ldyzyn,ladyzyn,Ładyżyn,9072
brc,lnc,ilince,Ilińce,1381
brc,lpwc,lipowiec,Lipowiec,5146
brc,ltyn,lityn,Lityn,12581
brc,mdzkw,miedziakow,Miedziaków,1097
brc,mnstrzysk,monasterzyska,Monasterzyska,9171
brc,mrchw,morachwa,Morachwa,5489
brc,mstkwk,miastkowka,Miastkówka,13192
brc,nmrw,niemirow,Niemirów,9406
brc,pczr,peczara,Peczara,13206
brc,pkw,pikow,Pików,1098
brc,pkw,pikow,Pików,12583
brc,przylk,przyluka,Przyłuka,1093
brc,rjgrdk,rajgrodek,Rajgródek,5209
brc,rszkw,raszkow,Raszków,430
brc,sdlszcz,siedliszcze,Siedliszcze,4869
brc,sklwk,sokolowka,Sokołówka,4692
brc,strzyzwk,strzyzawka,Strzyżawka,8733
brc,swrn,sawran,Sawrań,1921
brc,tlczyn,tulczyn,Tulczyn,1760
brc,tmszpl,tomaszpol,Tomaszpol,9390
brc,tplk,teplik,Teplik,9174
brc,trscnc,troscianiec,Trościaniec,9073
brc,ttyjw,tetyjow,Tetyjów,9006
brc,tywrw,tywrow,Tywrów,8729
brc,wnnc,winnica,Winnica,8730
brc,wrszylwk,woroszylowka,Woroszyłówka,1095
brc,wrzchwk,wierzchowka,Wierzchówka,12982
brc,zrnszcz,zorniszcze,Żorniszcze,12393
brc,zywtw,zywotow,Żywotów,12394
chl,brtjn,bratjan,Bratjan,11628
chl,cbrz,ciborz,Cibórz,3943
chl,ftw,fitowo,Fitowo,3970
chl,pkrzywn,pokrzywno,Pokrzywno,5732
chl,plwz,plowez,Płowęż,13413
chl,strmck,ostromecko,Ostromecko,1804
chl,szmbrk,szembruk,Szembruk,3968
chl,trn,torun,Toruń,1994
chl,wlwsk,wlewsk,Wlewsk,3969
inw,dbrzyn,dobrzyn,Dobrzyń,2429
inw,frdn,fordon,Fordon,13246
inw,kkl,kikol,Kikół,13995
inw,lbszyn,labiszyn,Łabiszyn,6377
inw,lpn,lipno,Lipno,13996
inw,mrcz,mrocza,Mrocza,5537
inw,nwrclw,inowroclaw,Inowrocław,6378
inw,prszcz,pruszcz,Pruszcz,9433
inw,rdzk_dz,radziki_duze,Radziki Duże,2574
inw,spln,sepolno,Sępolno,13235
inw,zldw,zoledowo,Żołędowo,2575
kij,bhslw,bohuslaw,Bohusław,12462
kij,blcrkw,bialacerkiew,Białacerkiew,970
kij,bllwk,bialolowka,Białołówka,4754
kij,blpl,bialopol,Białopol,8686
kij,brdyczw,berdyczow,Berdyczów,8685
kij,brdznk,borodzianka,Borodzianka,906
kij,brhn,brahin,Brahin,7163
kij,brslw,brusilow,Brusiłów,10406
kij,brwc,borowica,Borowica,4701
kij,byszw,byszow,Byszów,10420
kij,bzyn,buzyn,Bużyn,8601
kij,cdnw,cudnow,Cudnów,3002
kij,chbn,chabne,Chabne,3368
kij,chdrkw,chodorkow,Chodorków,14162
kij,chjnk,chojniki,Chojniki,5916
kij,chwstw,chwastow,Chwastów,2762
kij,czhryn,czehryn,Czehryn,9040
kij,czjk,czajki,Czajki,12466
kij,czrksy,czerkasy,Czerkasy,5076
kij,czrnbyl,czarnobyl,Czarnobyl,11000
kij,czrnchw,czerniachow,Czerniachów,10636
kij,czrwn,czerwona,Czerwona,8688
kij,hrmnwk,hermanowka,Hermanówka,12384
kij,hrszk,horoszki,Horoszki,10637
kij,jsnhrdk,jasnohorodka,Jasnohorodka,10417
kij,kdn,kodnia,Kodnia,6765
kij,knw,kaniow,Kaniów,12766
kij,krsn,korsun,Korsuń,12768
kij,krsnpl,krasnopol,Krasnopol,1053
kij,krstszw,korosteszow,Korosteszów,14190
kij,krylw,krylow,Kryłów,7352
kij,kswrw,ksawerow,Ksawerów,6561
kij,kszwt,koszowata,Koszowata,4750
kij,ktln,kotelnia,Kotelnia,10652
kij,lhny,luhiny,Łuhiny,2180
kij,lsnk,lisianka,Lisianka,12395
kij,lszczyn,leszczyn,Leszczyn,14431
kij,lwkw,lewkow,Lewków,6775
kij,lwsk,olewsk,Olewsk,5923
kij,mchnwk,machnowka,Machnówka,12560
kij,mdwdwk,medwedowka,Medwedówka,3541
kij,mkrw,makarow,Makarów,10410
kij,mszny,moszny,Moszny,8935
kij,nrdycz,narodycze,Narodycze,7166
kij,nrynsk,norynsk,Noryńsk,13603
kij,przw,prazewo,Prażewo,14430
kij,pwlcz,pawolocz,Pawołocz,12473
kij,rdmysl,radomysl,Radomyśl,15023
kij,rzw,rozow,Rożów,14176
kij,rzyszczw,rzyszczow,Rzyszczów,3554
kij,skwr,skwira,Skwira,957
kij,slbdyszcz,slobodyszcze,Słobodyszcze,14432
kij,sml,smila,Smiła,8932
kij,stwszcz,stawiszcze,Stawiszcze,958
kij,szmrz,uszomierz,Uszomierz,3034
kij,trchtymrw,trechtymirow,Trechtymirów,12774
kij,trjnw,trojanow,Trojanów,3014
kij,trszcz,taraszcza,Taraszcza,4672
kij,wldnk,wieledniki,Wieledniki,2176
kij,wldrk,wolodarka,Wołodarka,12461
kij,wnc,iwnica,Iwnica,14161
kij,wrcz,owrucz,Owrucz,5922
kij,zwngrdk,zwinogrodka,Zwinogródka,4694
kij,zytmrz,zytomierz,Żytomierz,10654
kjw,brzsc_kjwsk,brzesc_kujawski,Brześć Kujawski,10246
kjw,kwl,kowal,Kowal,6341
kjw,lbrnc,lubraniec,Lubraniec,6380
kjw,przdcz,przedecz,Przedecz,10245
kjw,ptrkw_kjwsk,piotrkow_kujawski,Piotrków Kujawski,10269
kjw,zbc_kjwsk,izbica_kujawska,Izbica Kujawska,10244
kls,brcn,barcin,Barcin,4207
kls,brk,borek,Borek,5978
kls,chdzz,chodziez,Chodzież,1112
kls,czrnjw,czerniejewo,Czerniejewo,15050
kls,dbrzn,debrzno,Debrzno,13241
kls,dlnw,odolanow,Odolanów,6015
kls,dzlyn,dzialyn,Działyń,3636
kls,gln,golina,Golina,2618
kls,glncz,golancz,Gołańcz,14047
kls,gnzn,gniezno,Gniezno,14845
kls,gzdnn,gozdanin,Gozdanin,3651
kls,jrcn,jarocin,Jarocin,6017
kls,jrczw,jaraczew,Jaraczew,2226
kls,jtrsn,jutrosin,Jutrosin,6011
kls,kbyln,kobylin,Kobylin,9923
kls,kcyn,kcynia,Kcynia,14042
kls,kl,kolo,Koło,6382
kls,klczw,kleczew,Kleczew,14049
kls,klsz,kalisz,Kalisz,13677
kls,knn,konin,Konin,8014
kls,krjnk,krajenka,Krajenka,5626
kls,krmn,karmin,Karmin,401
kls,krnk,kornik,Kórnik,10267
kls,krtszyn,krotoszyn,Krotoszyn,9919
kls,kzmn,kozmin,Koźmin,2231
kls,kzmnk,kozminek,Koźminek,9895
kls,lbznc,lobzenica,Łobżenica,9434
kls,mlslw,miloslaw,Miłosław,10266
kls,mrgnn,margonin,Margonin,10265
kls,mscsk,miescisko,Mieścisko,6394
kls,nkl,naklo,Nakło,13239
kls,nwmst,nowemiasto,Nowemiasto,2606
kls,pgrzl,pogorzela,Pogorzela,400
kls,pyzdry,pyzdry,Pyzdry,2622
kls,rsscc,russocice,Russocice,11894
kls,rszkw,raszkow,Raszków,11895
kls,rychwl,rychwal,Rychwał,10268
kls,skk,skoki,Skoki,14048
kls,str_grnw,stare_gronowo,Stare Gronowo,4206
kls,strw,ostrow,Ostrów,9915
kls,stwszyn,stawiszyn,Stawiszyn,13724
kls,wlczyn,wilczyn,Wilczyn,10270
kls,wrzsn,wrzesnia,Września,14050
kls,wtkw,witkowo,Witkowo,15059
kls,wyrzysk,wyrzysk,Wyrzysk,5538
kls,zdny,zduny,Zduny,8015
kls,zltw,zlotow,Złotów,1800
kls,znmysl,zaniemysl,Zaniemyśl,6384
kls,zrkw,zerkow,Żerków,6395
kls,zydw,zydowo,Żydowo,7424
krk,bbw,bobowa,Bobowa,14270
krk,bdzn,bedzin,Będzin,11036
krk,chrznw,chrzanow,Chrzanów,3697
krk,dkl,dukla,Dukla,3743
krk,dzlszyc,dzialoszyce,Działoszyce,15202
krk,jnw,janow,Janów,7180
krk,kzmrz,kazimierz,Kazimierz,3780
krk,kzmrz,kazimierz,Kazimierz,15136
krk,kzmrz,kazimierz,Kazimierz,15188
krk,kzmrz,kazimierz,Kazimierz,7569
krk,kzmrz,kazimierz,Kazimierz,11413
krk,kzmrz,kazimierz,Kazimierz,11414
krk,lksz,olkusz,Olkusz,14730
krk,llw,lelow,Lelów,7626
krk,nkl,naklo,Nakło,15231
krk,nwy_scz,nowy_sacz,Nowy Sącz,3685
krk,nwy_scz,nowy_sacz,Nowy Sącz,14263
krk,plc,pilica,Pilica,14729
krk,swcm,oswiecim,Oświęcim,7441
krk,szczkcny,szczekociny,Szczekociny,7630
krk,wdzslw,wodzislaw,Wodzisław,11479
krk,wlbrm,wolbrom,Wolbrom,14732
krk,wsncz_nwy,wisnicz_nowy,Wiśnicz Nowy,3693
krk,zmgrd_nwy,zmigrod_nowy,Żmigród Nowy,14921
krk,zrk,zarki,Żarki,15237
krk,zrnwc,zarnowiec,Żarnowiec,3326
krk,ztr,zator,Zator,10401
lbl,blgrj,bilgoraj,Biłgoraj,3625
lbl,blzyc,belzyce,Bełżyce,13452
lbl,brnw,baranow,Baranów,11152
lbl,bskpc,biskupice,Biskupice,5827
lbl,bychw,bychawa,Bychawa,9748
lbl,czmrnk,czemierniki,Czemierniki,13533
lbl,frmpl,frampol,Frampol,10841
lbl,glsk,glusk,Głusk,9750
lbl,grj,goraj,Goraj,7374
lbl,jnw,janow,Janów,15161
lbl,jzfw,jozefow,Józefów,13454
lbl,kck,kock,Kock,5851
lbl,klnwszczyzn,kalinowszczyzna,Kalinowszczyzna,3470
lbl,knskwl,konskowola,Końskowola,9691
lbl,krsnk,krasnik,Kraśnik,3406
lbl,krsnk,krasnik,Kraśnik,14824
lbl,krw,kurow,Kurów,5779
lbl,kzmrz,kazimierz,Kazimierz,9686
lbl,lbln,lublin,Lublin,3471
lbl,lbln,lublin,Lublin,7279
lbl,lbln,lublin,Lublin,7280
lbl,lbln,lublin,Lublin,7281
lbl,lbln,lublin,Lublin,14897
lbl,lbrtw,lubartow,Lubartów,9735
lbl,lczn,leczna,Łęczna,5829
lbl,lkw,lukow,Łuków,13525
lbl,mdlbrzyc,modliborzyce,Modliborzyce,7407
lbl,mrkszw,markuszow,Markuszów,13449
lbl,nnpl,annopol,Annopol,14809
lbl,pl,opole,Opole,5844
lbl,prczw,parczew,Parczew,9751
lbl,psk,piaski,Piaski,5834
lbl,psk,piaski,Piaski,14888
lbl,rdzyn,radzyn,Radzyń,2097
lbl,sdlc,siedlce,Siedlce,10119
lbl,strw,ostrow,Ostrów,13530
lbl,wlstwc,wlostowice,Włostowice,2038
lbl,wnw,wieniawa,Wieniawa,14890
lbl,zklkw,zaklikow,Zaklików,11451
lcz,blwy,bielawy,Bielawy,5592
lcz,brzzny,brzeziny,Brzeziny,6066
lcz,jzd,ujazd,Ujazd,5593
lcz,klw,kalow,Kałów,1207
lcz,krsnwc,krosniewice,Krośniewice,2430
lcz,lczyc,leczyca,Łęczyca,13853
lcz,przczw,parzeczew,Parzęczew,9508
lcz,ptk,piatek,Piątek,13855
lcz,sbt,sobota,Sobota,6187
lcz,strykw,strykow,Stryków,9509
lcz,zychln,zychlin,Żychlin,10075
maz,cchnw,ciechanow,Ciechanów,14124
maz,czyzw,czyzewo,Czyżewo,2479
maz,dczymn,duczymin,Duczymin,9256
maz,grjw,grajewo,Grajewo,1532
maz,jdwbn,jedwabne,Jedwabne,5322
maz,klszyn,kaluszyn,Kałuszyn,13899
maz,lpn,lipno,Lipno,1534
maz,mkw_mzwck,makow_mazowiecki,Maków Mazowiecki,10120
maz,nslsk,nasielsk,Nasielsk,10072
maz,ppw_kscln,popowo_koscielne,Popowo Kościelne,10354
maz,przsnysz,przasnysz,Przasnysz,10081
maz,rdzlw,radzilow,Radziłów,5324
maz,rtk,rutki,Rutki,1566
maz,rzn,rozan,Rożan,6230
maz,skryszw,skaryszew,Skaryszew,10121
maz,sndw,sniadowo,Śniadowo,9219
maz,srczyn,seroczyn,Seroczyn,6239
maz,stczk,stoczek,Stoczek,6229
maz,strw_mzwck,ostrow_mazowiecka,Ostrów Mazowiecka,10117
maz,stwsk,stawiski,Stawiski,13022
maz,szczczyn,szczuczyn,Szczuczyn,9173
maz,wlk_brzznsk,wolka_brzezinska,Wólka Brzezińska,7251
maz,wsw,wasewo,Wąsewo,2478
maz,wyszgrd,wyszogrod,Wyszogród,1630
maz,wzn,wizna,Wizna,12983
maz,zmbrw,zambrow,Zambrów,1590
maz,zrby_kscln,zareby_koscielne,Zaręby Kościelne,13889
maz,zwdy,zawady,Zawady,1531
pdl,bck,bocki,Boćki,13910
pdl,blystk,bialystok,Białystok,12813
pdl,cchnwc,ciechanowiec,Ciechanowiec,3615
pdl,drhczyn,drohiczyn,Drohiczyn,2492
pdl,gndz,goniadz,Goniądz,12980
pdl,gstw,augustow,Augustów,13024
pdl,jblnk_kscln,jablonka_koscielna,Jabłonka Kościelna,13898
pdl,jsnwk,jasionowka,Jasionówka,8982
pdl,knstntynw,konstantynow,Konstantynów,10133
pdl,ksw_lck,kosow_lacki,Kosów Lacki,10118
pdl,lsc,losice,Łosice,11243
pdl,mdzyrzc,miedzyrzec,Międzyrzec,11240
pdl,mkbdy,mokobody,Mokobody,10107
pdl,mrdy,mordy,Mordy,907
pdl,nmrw,niemirow,Niemirów,3610
pdl,rjgrd,rajgrod,Rajgród,12981
pdl,rl,orla,Orla,6255
pdl,rsssz,rossosz,Rossosz,9769
pdl,sklw,sokolow,Sokołów,2493
pdl,skly,sokoly,Sokoły,10108
pdl,smtycz,siemiatycze,Siemiatycze,15022
pdl,srnk,sarnaki,Sarnaki,2491
pdl,tykcn,tykocin,Tykocin,1571
pdl,wgrw,wegrow,Węgrów,6238
pdl,wysk_mzwck,wysokie_mazowieckie,Wysokie Mazowieckie,11247
pdl,wysznk_kscln,wyszonki_koscielne,Wyszonki Kościelne,13890
plc,bzn,biezun,Bieżuń,6184
plc,drbn,drobin,Drobin,10073
plc,kczbrk,kuczbork,Kuczbork,13062
plc,mlw,mlawa,Mława,7371
plc,plck,plock,Płock,6186
plc,plnsk,plonsk,Płońsk,2436
plc,rdznw,radzanow,Radzanów,6185
plc,srpc,sierpc,Sierpc,10074
plc,szrnsk,szrensk,Szreńsk,1613
pmr,bchln,bochlin,Bochlin,14990
pmr,bkwc,bukowiec,Bukowiec,13243
pmr,bln,belno,Belno,3575
pmr,blszw,bolszewo,Bolszewo,1975
pmr,chmlnk,chmielniki,Chmielniki,14989
pmr,chwrzcznk,chwarzczenko,Chwarzczenko,9632
pmr,czlchw,czluchow,Człuchów,5536
pmr,czrn,czarne,Czarne,3574
pmr,grbw,grabowo,Grabowo,7367
pmr,grn_grp,gorna_grupa,Górna Grupa,11222
pmr,klncz,kolincz,Kolińcz,5528
pmr,klnwk,klonowka,Klonówka,3572
pmr,krkw,krokowa,Krokowa,7368
pmr,kscrzyn,koscierzyna,Kościerzyna,7741
pmr,ldyczk,ledyczek,Lędyczek,7365
pmr,mlchn,malachin,Malachin,11219
pmr,str_szkty,stare_szkoty,Stare Szkoty,11220
pmr,tchl,tuchola,Tuchola,11221
pmr,wjtl,wojtal,Wojtal,14988
pmr,wnnc,winnica,Winnica,9633
pmr,wrzszcz,wrzeszcz,Wrzeszcz,13408
pmr,zrzcz,zarzecze,Zarzecze,7366
pod,blcz_zlt,bilcze_zlote,Bilcze Złote,1636
pod,bln,balin,Balin,9340
pod,br,bar,Bar,12532
pod,brszczw,borszczow,Borszczów,5384
pod,chmlnk,chmielnik,Chmielnik,993
pod,czrcz,czercze,Czercze,13128
pod,czrnkznc,czarnokozince,Czarnokozińce,5388
pod,czrny_strw,czarny_ostrow,Czarny Ostrów,12155
pod,czrwngrd,czerwonogrod,Czerwonogród,8919
pod,dnjwc,dunajowce,Dunajowce,9336
pod,drzn,deraznia,Derażnia,4793
pod,dzwngrd,dzwinogrod,Dźwinogród,1645
pod,flsztyn,felsztyn,Felsztyn,8303
pod,frnpl,franpol,Franpol,4465
pod,grdk,grodek,Gródek,4466
pod,grdk,grodek,Gródek,11207
pod,hstyn,husiatyn,Husiatyn,8260
pod,jglnc,jagielnica,Jagielnica,8923
pod,jrg,jaruga,Jaruga,14966
pod,jrmlnc,jarmolince,Jarmolińce,688
pod,jryszw,jaryszow,Jaryszów,7356
pod,jzlwc,jazlowiec,Jazłowiec,5055
pod,jzrzny,jezierzany,Jezierzany,9283
pod,kdrync,kudrynce,Kudryńce,5385
pod,kldzny,koledziany,Kolędziany,12749
pod,kls,kalus,Kalus,5351
pod,knstntynw_nwy,konstantynow_nowy,Konstantynów Nowy,4791
pod,kpjgrd,kopajgrod,Kopajgród,9410
pod,kpn,kupin,Kupin,12145
pod,kpy_swtj_trjcy,okopy_swietej_trojcy,Okopy Świętej Trójcy,3551
pod,krlwk,korolowka,Korolówka,9281
pod,krzywcz,krzywcze,Krzywcze,1642
pod,ksprwc,kasperowce,Kasperowce,5383
pod,ktjgrd,kitajgrod,Kitajgród,1697
pod,kzmn,kuzmin,Kuźmin,8309
pod,lchwc,olchowiec,Olchowiec,691
pod,lczync,luczyniec,Łuczyniec,9444
pod,ldwk,uladowka,Uładówka,11196
pod,lnckrn,lanckoron,Lanckoroń,9277
pod,lnw,ulanow,Ułanów,8617
pod,lszkwc,ulaszkowce,Ułaszkowce,5063
pod,ltyczw,latyczow,Latyczów,12503
pod,mchlpl,michalpol,Michałpol,8628
pod,mdzybz,miedzyboz,Międzyboż,8630
pod,mhylw,mohylow,Mohylów,9413
pod,mkljw,mikolajow,Mikołajów,697
pod,mkw,makow,Maków,1699
pod,mnkwc,minkowce,Mińkowce,1596
pod,prbzn,probuzna,Probużna,645
pod,prskrw,proskurow,Proskurów,12158
pod,rynn,orynin,Orynin,1646
pod,sdrw,sidorow,Sidorów,12097
pod,skl,skala,Skała,13094
pod,sklc,sokolec,Sokolec,1587
pod,sldkwc,solodkowce,Sołodkowce,716
pod,smtrycz,smotrycz,Smotrycz,1686
pod,sntkw,snitkow,Snitków,9250
pod,sntwk,snitowka,Snitówka,935
pod,snw_str,sieniawa_stara,Sieniawa Stara,12501
pod,stdznc,studzienica,Studzienica,1696
pod,stnw,satanow,Satanów,4463
pod,swnc,sawince,Sawińce,12182
pod,szrgrd,szarogrod,Szarogród,5539
pod,szrwk,szarawka,Szarawka,12143
pod,sztw,szatawa,Szatawa,12147
pod,szyc_nw,uszyca_nowa,Uszyca Nowa,5332
pod,tlst,tluste,Tłuste,12748
pod,wnkwc,wonkowce,Wońkowce,938
pod,wrzbwc,wierzbowiec,Wierzbowiec,5352
pod,zbrzyz,zbrzyz,Zbrzyż,9282
pod,zlszczyk,zaleszczyki,Zaleszczyki,1286
pod,zmchw,zamiechow,Zamiechów,5350
pod,znkw,zinkow,Zińków,12460
pod,zrzync,ozarzynce,Ozarzyńce,13212
pod,zwnc,zwaniec,Żwaniec,9286
pzn,bbmst,babimost,Babimost,8786
pzn,brnk,oborniki,Oborniki,1163
pzn,brzyck,obrzycko,Obrzycko,8796
pzn,czlp,czlopa,Człopa,5623
pzn,czmpn,czempin,Czempiń,1158
pzn,czrnkw,czarnkow,Czarnków,1160
pzn,grdzsk,grodzisk,Grodzisk,7404
pzn,krgw,kargowa,Kargowa,12625
pzn,lszn,leszno,Leszno,9863
pzn,lwwk,lwowek,Lwówek,1162
pzn,mdzychd,miedzychod,Międzychód,8794
pzn,mdzyrzcz,miedzyrzecz,Międzyrzecz,1157
pzn,mrslwc,miroslawiec,Mirosławiec,9548
pzn,mrwn_gsln,murowana_goslina,Murowana Goślina,5089
pzn,pl,pila,Piła,9549
pzn,pnwy,pniewy,Pniewy,8792
pzn,psk,piaski,Piaski,5972
pzn,pznn,poznan,Poznań,3430
pzn,rgzn,rogozno,Rogoźno,14046
pzn,rwcz,rawicz,Rawicz,5971
pzn,rydzyn,rydzyna,Rydzyna,9869
pzn,sczn,osieczna,Osieczna,13659
pzn,skwrzyn,skwierzyna,Skwierzyna,1149
pzn,smgl,smigiel,Śmigiel,12626
pzn,srkw,sierakow,Sieraków,1155
pzn,srm,srem,Śrem,6379
pzn,srnw,sarnowa,Sarnowa,9868
pzn,swrzdz,swarzedz,Swarzędz,14045
pzn,szlchtyngw,szlichtyngowa,Szlichtyngowa,13657
pzn,szmtly,szamotuly,Szamotuły,3589
pzn,tczn,tuczno,Tuczno,1901
pzn,trzcl,trzciel,Trzciel,1154
pzn,trzcnk,trzcianka,Trzcianka,5624
pzn,wlcz,walcz,Wałcz,13331
pzn,wln,wielen,Wieleń,14981
pzn,wlsztyn,wolsztyn,Wolsztyn,1159
pzn,wrnk,wronki,Wronki,4937
pzn,wschw,wschowa,Wschowa,9864
pzn,zbszyn,zbaszyn,Zbąszyń,1148
raw,bl_rwsk,biala_rawska,Biała Rawska,5401
raw,gbn,gabin,Gąbin,5402
raw,glwn,glowno,Głowno,1662
raw,grdzsk_mzwck,grodzisk_mazowiecki,Grodzisk Mazowiecki,3579
raw,gstynn,gostynin,Gostynin,6480
raw,ktn,kutno,Kutno,11224
raw,lw,ilow,Iłów,3578
raw,mszcznw,mszczonow,Mszczonów,7370
raw,nw_mst,nowe_miasto,Nowe Miasto,7369
raw,rw_mzwck,rawa_mazowiecka,Rawa Mazowiecka,3576
raw,schczw,sochaczew,Sochaczew,3577
rus,bbrk,bobrka,Bóbrka,575
rus,bczcz,buczacz,Buczacz,7958
rus,bdznw,budzanow,Budzanów,7955
rus,bhrdczny,bohorodczany,Bohorodczany,1169
rus,bkczwc,bukaczowce,Bukaczowce,8137
rus,bkwsk,bukowsko,Bukowsko,253
rus,blchw,bolechow,Bolechów,4212
rus,blgrd,baligrod,Baligród,11774
rus,blszwc,bolszowce,Bołszowce,12016
rus,bly_kmn,bialy_kamien,Biały Kamień,8215
rus,brcz,bircza,Bircza,212
rus,brdy,brody,Brody,6709
rus,brsztyn,bursztyn,Bursztyn,4257
rus,brtyn,obertyn,Obertyn,8902
rus,brzzdwc,brzozdowce,Brzozdowce,8139
rus,brzzny,brzezany,Brzeżany,544
rus,chdrw,chodorow,Chodorów,12015
rus,chlm,chelm,Chełm,7388
rus,chlm,chelm,Chełm,11160
rus,chn,uchanie,Uchanie,14530
rus,chyrw,chyrow,Chyrów,4053
rus,czrtkw,czortkow,Czortków,344
rus,dbck,dubiecko,Dubiecko,2821
rus,dbrml,dobromil,Dobromil,11230
rus,dln,dolina,Dolina,11874
rus,dnjw,dunajow,Dunajów,12035
rus,drhbycz,drohobycz,Drohobycz,3891
rus,drhbycz,drohobycz,Drohobycz,11546
rus,dynw,dynow,Dynów,14233
rus,glgry,gologory,Gołogóry,4356
rus,glnny,gliniany,Gliniany,608
rus,grdk_jgllnsk,grodek_jagiellonski,Gródek Jagielloński,3918
rus,grdzsk_dln,grodzisko_dolne,Grodzisko Dolne,3170
rus,grzymlw,grzymalow,Grzymałów,8391
rus,gwzdzc,gwozdziec,Gwoździec,8866
rus,hlcz,halicz,Halicz,8031
rus,hrbszw,hrubieszow,Hrubieszów,15031
rus,hrdnk,horodenka,Horodenka,12688
rus,hsskw,hussakow,Hussaków,4065
rus,jblnw,jablonow,Jabłonów,12760
rus,jnw,janow,Janów,14997
rus,jnw,janow,Janów,639
rus,jrslw,jaroslaw,Jarosław,14571
rus,jrslw,jaroslaw,Jarosław,6934
rus,jryczw_nwy,jaryczow_nowy,Jaryczów Nowy,4389
rus,jwrw,jaworow,Jaworów,11614
rus,jzfw,jozefow,Józefów,6893
rus,jzpl,jezupol,Jezupol,4219
rus,klczkwc,kulaczkowce,Kułaczkowce,11172
rus,klkw,kulikow,Kulików,11581
rus,klmyj,kolomyja,Kołomyja,5016
rus,klsz,kalusz,Kałusz,7930
rus,kmnk_strmlw,kamionka_strumilowa,Kamionka Strumiłowa,7003
rus,kmnk_wlk,kamionka_wielka,Kamionka Wielka,1224
rus,kmrn,komarno,Komarno,11575
rus,knczg,kanczuga,Kańczuga,4067
rus,knhyncz,knihynicze,Knihynicze,8138
rus,kpyczync,kopyczynce,Kopyczyńce,12095
rus,krkwc,krakowiec,Krakowiec,111
rus,krsczyn,krasiczyn,Krasiczyn,236
rus,krsnbrd,krasnobrod,Krasnobród,10769
rus,krsnczyn,krasniczyn,Kraśniczyn,10826
rus,krsnystw,krasnystaw,Krasnystaw,10823
rus,krylw,krylow,Kryłów,10911
rus,krzszw,krzeszow,Krzeszów,10833
rus,krzywcz,krzywcza,Krzywcza,222
rus,ksw,kosow,Kosów,8876
rus,kty,kuty,Kuty,8001
rus,kzw,kozowa,Kozowa,12272
rus,lbml,luboml,Luboml,5888
rus,lnct,lancut,Łańcut,3165
rus,lsk,lesko,Lesko,4093
rus,lsk,olesko,Olesko,4379
rus,lszk_mrwn,laszki_murowane,Laszki Murowane,7814
rus,lww,lwow,Lwów,11118
rus,lww,lwow,Lwów,14878
rus,lzjsk,lezajsk,Leżajsk,14576
rus,mcjw,maciejow,Maciejów,2143
rus,mklnc,mikulince,Mikulińce,4560
rus,mnstrzysk,monasterzyska,Monasterzyska,3516
rus,mrmpl,mariampol,Mariampol,415
rus,mrtynw_nwy,martynow_nowy,Martynów Nowy,8067
rus,mscsk,mosciska,Mościska,3981
rus,ndwrn,nadworna,Nadwórna,12591
rus,nrjw,narajow,Narajów,543
rus,nw_mst,nowe_miasto,Nowe Miasto,199
rus,nwrj,nawarja,Nawarja,27
rus,nznw,nizniow,Niżniów,12732
rus,pdhjc,podhajce,Podhajce,774
rus,pdkmn,podkamien,Podkamień,4115
rus,pln,opalin,Opalin,5879
rus,pmrzny,pomorzany,Pomorzany,12044
rus,prchnk,pruchnik,Pruchnik,216
rus,przmysl,przemysl,Przemyśl,3473
rus,przmyslny,przemyslany,Przemyślany,582
rus,przwrsk,przeworsk,Przeworsk,6938
rus,pstyn,pistyn,Pistyń,5017
rus,ptk_zlty,potok_zloty,Potok Złoty,12736
rus,rdk,rudki,Rudki,3924
rus,rhtyn,rohatyn,Rohatyn,550
rus,rjwc,rejowiec,Rejowiec,13550
rus,rtn,ratno,Ratno,2069
rus,rybtycz,rybotycze,Rybotycze,3584
rus,rymnw,rymanow,Rymanów,2801
rus,rzdl,rozdol,Rozdół,8143
rus,rzntw,rozniatow,Rożniatów,4184
rus,rzszw,rzeszow,Rzeszów,6950
rus,rzszw,rzeszow,Rzeszów,6952
rus,sc_zln,uscie_zielone,Uście Zielone,549
rus,schstw,suchostaw,Suchostaw,12092
rus,sdlszcz,siedliszcze,Siedliszcze,2126
rus,skl,skole,Skole,4241
rus,sklt,skalat,Skałat,758
rus,sklw,sokolow,Sokołów,3612
rus,sklw,sokolow,Sokołów,8152
rus,sklwk,sokolowka,Sokołówka,7372
rus,sltwn,solotwina,Sołotwina,8752
rus,smbr,sambor,Sambor,3907
rus,snk,sanok,Sanok,14212
rus,sntyn,sniatyn,Śniatyn,11898
rus,snw,sieniawa,Sieniawa,3198
rus,ssw,sasow,Sasów,12054
rus,stnslwczyk,stanislawczyk,Stanisławczyk,10855
rus,stnslww,stanislawow,Stanisławów,1170
rus,str_sl,stara_sol,Stara Sól,11667
rus,strsw,strusow,Strusów,8397
rus,stry_smbr,stary_sambor,Stary Sambor,7693
rus,stry_smbr,stary_sambor,Stary Sambor,7694
rus,stryj,stryj,Stryj,11951
rus,strzlsk_nw,strzeliska_nowe,Strzeliska Nowe,8189
rus,strzyk_dln,ustrzyki_dolne,Ustrzyki Dolne,7896
rus,swrz,swierze,Świerże,5876
rus,swrz,swirz,Świrz,8190
rus,szczbrzszyn,szczebrzeszyn,Szczebrzeszyn,3613
rus,szczrzc,szczerzec,Szczerzec,7719
rus,tlmcz,tlumacz,Tłumacz,1260
rus,tprw,toporow,Toporów,10874
rus,trbn,turobin,Turobin,7390
rus,trk,turka,Turka,450
rus,trmbwl,trembowla,Trembowla,4562
rus,trngrd,tarnogrod,Tarnogród,3191
rus,trnpl,tarnopol,Tarnopol,4574
rus,trnrd,tarnoruda,Tarnoruda,4464
rus,tst,touste,Touste,8390
rus,ttyn,ottynia,Ottynia,4941
rus,tyczyn,tyczyn,Tyczyn,2808
rus,tysmnc,tysmienica,Tyśmienica,4946
rus,wjnlw,wojnilow,Wojniłów,4131
rus,wjslwc,wojslawice,Wojsławice,11258
rus,wlszcz,woloszcza,Wołoszcza,11531
rus,wsznk_wlk,wiszenka_wielka,Wiszenka Wielka,3977
rus,wybrnwk,wybranowka,Wybranówka,4348
rus,zbc,izbica,Izbica,14535
rus,zbltw,zablotow,Zabłotów,5000
rus,zbrw,zborow,Zborów,4514
rus,zlczw,zloczow,Złoczów,7343
rus,zlkw,zolkiew,Żółkiew,3223
rus,zlkwk,zolkiewka,Żółkiewka,14588
rus,zlyn,zolynia,Żołynia,14581
rus,zlzc,zalozce,Załoźce,298
rus,zmsc,zamosc,Zamość,7398
rus,zrw,zurow,Żurów,8141
rus,zrwn,zurawno,Żurawno,4315
rus,zwlw,zawalow,Zawałów,775
rus,zydczw,zydaczow,Żydaczów,4313
snd,bbrwnk,bobrowniki,Bobrowniki,9694
snd,bgrj,bogorja,Bogorja,11045
snd,brnw,baranow,Baranów,15165
snd,chcny_str,checiny_stare,Chęciny Stare,14738
snd,chmlnk,chmielnik,Chmielnik,11083
snd,czdc,czudec,Czudec,2864
snd,dbc,debica,Dębica,7548
snd,dbrw,dabrowa,Dąbrowa,7562
snd,drzwc,drzewica,Drzewica,13797
snd,dzkw,dzikow,Dzików,11056
snd,frysztk,frysztak,Frysztak,3749
snd,glgw,glogow,Głogów,15154
snd,gnwszw,gniewoszow,Gniewoszów,13458
snd,grnc,granica,Granica,13459
snd,jnwc,janowiec,Janowiec,15253
snd,klbszw,kolbuszowa,Kolbuszowa,14818
snd,klmntw,klimontow,Klimontów,7209
snd,klww,klwow,Klwów,13806
snd,krzwk,kurozweki,Kurozwęki,11438
snd,kznc,kozienice,Kozienice,9700
snd,lnw,ulanow,Ulanów,3757
snd,lpsk,lipsko,Lipsko,7607
snd,lsnc,olesnica,Oleśnica,15194
snd,lysbyk,lysobyki,Łysobyki,2085
snd,mlc,mielec,Mielec,11392
snd,nwy_krczyn,nowy_korczyn,Nowy Korczyn,15192
snd,nwy_krczyn,nowy_korczyn,Nowy Korczyn,3792
snd,nwy_krczyn,nowy_korczyn,Nowy Korczyn,7580
snd,pcnw,pacanow,Pacanów,11428
snd,pczn,opoczno,Opoczno,2372
snd,plnc,polaniec,Połaniec,14801
snd,pnczw,pinczow,Pińczów,3802
snd,pnczw,pinczow,Pińczów,7592
snd,pnczw,pinczow,Pińczów,11435
snd,przclw,przeclaw,Przecław,3398
snd,przdbrz,przedborz,Przedbórz,2402
snd,przysch,przysucha,Przysucha,13785
snd,przytyk,przytyk,Przytyk,13802
snd,ptw,opatow,Opatów,14793
snd,rdm,radom,Radom,15014
snd,rdmysl_wlk,radomysl_wielki,Radomyśl Wielki,14819
snd,rdnk,rudnik,Rudnik,15159
snd,rkw,rakow,Raków,14795
snd,rpczyc,ropczyce,Ropczyce,11384
snd,ryczywl,ryczywol,Ryczywół,9702
snd,rzchw,rzochow,Rzochów,7198
snd,rzwdw,rozwadow,Rozwadów,11387
snd,sbkw,sobkow,Sobków,7136
snd,scmn,secemin,Secemin,7135
snd,sdzszw,sedziszow,Sędziszów,3750
snd,sndmrz,sandomierz,Sandomierz,11445
snd,snn,sienno,Sienno,15244
snd,stpnc,stopnica,Stopnica,3436
snd,strwc,ostrowiec,Ostrowiec,14785
snd,strzyzw,strzyzow,Strzyżów,2866
snd,stszw,staszow,Staszów,3393
snd,szydlw,szydlow,Szydłów,11431
snd,szydlwc,szydlowiec,Szydłowiec,7640
snd,trlw,tarlow,Tarłów,3811
snd,trnw,tarnow,Tarnów,7559
snd,wlpl,wielopole,Wielopole,3752
snd,wlszczw,wloszczowa,Włoszczowa,7132
snd,wnsk,iwaniska,Iwaniska,14808
snd,wslc,wislica,Wiślica,7590
snd,zbn,zabno,Żabno,15175
snd,zlchw,zelechow,Żelechów,5793
snd,zrw,ozarow,Ożarów,7192
snd,zwln,zwolen,Zwoleń,3595
swr,blslwc,boleslawiec,Bolesławiec,6088
swr,blszk,blaszki,Błaszki,2252
swr,dbr,dobra,Dobra,6001
swr,dzlszyn,dzialoszyn,Działoszyn,6093
swr,kmnsk,kamiensk,Kamieńsk,1188
swr,kncpl,koniecpol,Koniecpol,15229
swr,kpn,kepno,Kępno,9934
swr,lsk,lask,Łask,1186
swr,ltmrsk,lutomiersk,Lutomiersk,1187
swr,ptrkw,piotrkow,Piotrków,13750
swr,wrt,warta,Warta,13764
wol,brnwk,baranowka,Baranówka,10687
wol,brstczk,beresteczko,Beresteczko,10585
wol,brzdw,berezdow,Berezdów,6778
wol,brzn,berezno,Berezno,6666
wol,brznc,bereznica,Bereźnica,14318
wol,bzl,bazalia,Bazalia,12336
wol,czrtrysk,czartorysk,Czartorysk,2184
wol,dbn,dubno,Dubno,14329
wol,dmdwk,demidowka,Demidówka,10554
wol,drzkpl,druzkopol,Drużkopol,3248
wol,drzn,derazne,Deraźne,14317
wol,hlwcz,hulewicze,Hulewicze,9759
wol,hrchw,horochow,Horochów,7024
wol,hrycw,hrycow,Hryców,12118
wol,hrynk,horynka,Horynka,294
wol,hszcz,hoszcza,Hoszcza,14510
wol,jmpl,jampol,Jampol,11802
wol,jnwk,janowka,Janówka,9848
wol,jzrzny,jezierzany,Jezierzany,9800
wol,klczyny,kulczyny,Kulczyny,12283
wol,klk,kolki,Kołki,5935
wol,klwn,klewan,Klewań,6672
wol,kmn_kszyrsk,kamien_koszyrski,Kamień Koszyrski,13586
wol,knw,kuniow,Kuniów,10689
wol,krp,krupa,Krupa,14323
wol,krpc,krupiec,Krupiec,6708
wol,krslw,krasilow,Krasiłów,826
wol,krzc,korzec,Korzec,3067
wol,krzmnc,krzemieniec,Krzemieniec,14362
wol,ksln,kisielin,Kisielin,3244
wol,kszwk,kaszowka,Kaszówka,9763
wol,kwl,kowel,Kowel,5900
wol,kzmn,kuzmin,Kuźmin,1042
wol,kzn,kozin,Kozin,14363
wol,lbczwk,lobaczowka,Łobaczówka,7355
wol,lbn,labun,Łabuń,10656
wol,lbr,lubar,Lubar,12546
wol,lchwc,lachowce,Lachowce,8417
wol,lck,luck,Łuck,10599
wol,lkcz,lokacze,Łokacze,10905
wol,lksnc_nwy,oleksiniec_nowy,Oleksiniec Nowy,4111
wol,lnwc,lanowce,Łanowce,11799
wol,lsznw,leszniow,Leszniów,3547
wol,lyk,olyka,Ołyka,14320
wol,mchlwk,michalowka,Michałówka,6711
wol,mdzyrzc_krck,miedzyrzec_korecki,Międzyrzec Korecki,3094
wol,mlnc,mielnica,Mielnica,5859
wol,mltyn,milatyn,Milatyn,3102
wol,mrwc,murawica,Murawica,11203
wol,mzcz,mizocz,Mizocz,2935
wol,nnpl,annopol,Annopol,3101
wol,nschjz,niesuchojeze,Niesuchojeże,2154
wol,plnn,polonne,Połonne,6793
wol,pryck,poryck,Poryck,7017
wol,ptycz,ptycza,Ptycza,10589
wol,rchmnw,rachmanow,Rachmanów,14279
wol,rdzwllw,radziwillow,Radziwiłłów,10587
wol,rwn,rowne,Równe,2904
wol,sclg,uscilug,Uściług,6728
wol,sdylkw,sudylkow,Sudyłków,6801
wol,skl,sokul,Sokul,5946
wol,slwt,slawuta,Sławuta,14461
wol,stbychw,stobychwa,Stobychwa,13547
wol,stpn,stepan,Stepań,9840
wol,strg,ostrog,Ostróg,14304
wol,strknstntynw,starokonstantynow,Starokonstantynów,8282
wol,strzc,ostrozec,Ostrożec,6670
wol,swnchy,swiniuchy,Świniuchy,14646
wol,szmsk,szumsk,Szumsk,2870
wol,szptwk,szepetowka,Szepetówka,6802
wol,tczyn,tuczyn,Tuczyn,6675
wol,tflpl,teofilpol,Teofilpol,785
wol,trczyn,torczyn,Torczyn,10908
wol,trgwc,targowica,Targowica,6669
wol,trzysk,turzysk,Turzysk,13588
wol,wlczysk,woloczyska,Wołoczyska,4615
wol,wldzmrz,wlodzimierz,Włodzimierz,14652
wol,wldzmrzc,wlodzimierzec,Włodzimierzec,13627
wol,wrb,werba,Werba,10557
wol,wrkwcz,warkowicze,Warkowicze,14327
wol,wsnwc_stry,wisniowiec_stary,Wiśniowiec Stary,11797
wol,wyszgrdk,wyszogrodek,Wyszogródek,12299
wol,zbrz,zbaraz,Zbaraż,4572
wol,zdztycz,ozdziutycze,Oździutycze,2968
wol,zhwc,ozohowce,Ożohowce,814
wol,zslw,zaslaw,Zasław,10691
wol,zwhl,zwiahel,Zwiahel,10688
