"","id","name","type","relig_type","dist","lp_w","lp_o","cdnts","nl"
"1",236,"Krasiczyn","miasto","świątynia główna","rus",4,1981,"[22.659939944912594, 49.770988524042195]","krasiczyn"
"2",400,"Pogorzela","miasto","świątynia główna","kal",4,24467,"[17.231014690760617, 51.81513659685811]","pogorzela"
"3",549,"Uście Zielone","miasto","świątynia główna","rus",4,2073,"[24.959953018521276, 49.03247071178134]","uscie_zielone"
"4",3398,"Przecław","miasto","świątynia główna","san",4,2464,"[21.47922770261273, 50.19383292361882]","przeclaw"
"5",14571,"Jarosław","miasto","świątynia pomocnicza","rus",4,1969,"[22.715347627496783, 50.00950832154024]","jaroslaw"
"6",3612,"Sokołów","miasto","świątynia główna","rus",4,2047,"[22.130055261504626, 50.22395578202586]","sokolow"
"7",3752,"Wielopole","miasto","świątynia główna","san",4,22484,"[21.613233935643784, 49.94474460762323]","wielopole"
"8",7198,"Rzochów","miasto","świątynia główna","san",4,22481,"[21.490833671032437, 50.24088769754374]","rzochow"
"9",7374,"Goraj","miasto","świątynia główna","lub",4,2229,"[22.665861414057243, 50.72117517080901]","goraj"
"10",906,"Borodzianka","miasto","świątynia główna","kij",4,2174,"[29.931983118814173, 50.64017346634779]","borodzianka"
"11",935,"Snitówka","miasto","świątynia główna","pod",4,22960,"[27.50344724241961, 49.333433166316695]","snitowka"
"12",1091,"Kochanówka","miasto","świątynia główna","brac",4,23221,"[28.74306928320334, 49.27899831364658]","kochanowka"
"13",1155,"Sieraków","miasto","świątynia główna","poz",4,2408,"[16.068689961155883, 52.651756497628185]","sierakow"
"14",5350,"Zamiechów","miasto","świątynia główna","pod",4,22964,"[27.366627966384897, 48.854038940303155]","zamiechow"
"15",5388,"Czarnokozińce","miasto","świątynia główna","pod",4,9621,"[26.283657073509005, 48.65742713208505]","czarnokozince"
"16",7405,"Komarów","miasto","świątynia główna","beł",4,5245,"[23.476500190828006, 50.62357754849029]","komarow"
"17",12097,"Sidorów","miasto","świątynia główna","pod",4,2358,"[26.15490044429754, 49.010934139028734]","sidorow"
"18",2622,"Pyzdry","miasto","świątynia główna","kal",4,2163,"[17.69705989858079, 52.17394161329838]","pyzdry"
"19",2478,"Wąsewo","wieś","świątynia główna","maz",4,2282,"[21.69572857835084, 52.86750122104098]","wasewo"
"20",6911,"Lipsko","miasto","świątynia główna","beł",4,22410,"[23.34856536478486, 50.34814988697451]","lipsko"
"21",8792,"Pniewy","miasto","świątynia główna","poz",4,2396,"[16.26848402577059, 52.50704229383217]","pniewy"
"22",9174,"Teplik","miasto","świątynia główna","brac",4,23285,"[29.743010239147168, 48.66480817374901]","teplik"
"23",10265,"Margonin","miasto","świątynia główna","gn",4,23311,"[17.108391694995078, 52.9568364926788]","margonin"
"24",3368,"Chabne","miasto","świątynia główna","kij",4,2177,"[29.38715431727684, 51.23497253976279]","chabne"
"25",10107,"Mokobody","miasto","świątynia główna","podl",4,2308,"[22.117901645203403, 52.26922602516578]","mokobody"
"26",7626,"Lelów","miasto","świątynia główna","kr",4,2576,"[19.62386008064196, 50.682336313248726]","lelow"
"27",3676,"Potoki","miasto","świątynia główna","beł",4,6385,"[23.539332468605632, 50.30958159773954]","potoki"
"28",3610,"Niemirów","miasto","świątynia główna","podl",4,2313,"[23.153071510975963, 52.2869645109771]","niemirow"
"29",3613,"Szczebrzeszyn","miasto","świątynia główna","rus",4,2696,"[22.9771615149686, 50.69412144977347]","szczebrzeszyn"
"30",3615,"Ciechanowiec","miasto","świątynia główna","podl",4,2299,"[22.499206178063275, 52.67422000159638]","ciechanowiec"
"31",3636,"Działyń","wieś","świątynia główna","gn",4,23377,"[17.50194083410455, 52.589338797383554]","dzialyn"
"32",3651,"Gozdanin","wieś","świątynia główna","gn",4,24480,"[17.985993446132227, 52.6016319011909]","gozdanin"
"33",3685,"Nowy Sącz","miasto","świątynia główna","kr",4,2579,"[20.69044744360703, 49.62775230003764]","nowy_sacz"
"34",3693,"Wiśnicz Nowy","miasto","świątynia główna","kr",4,2592,"[20.46120180309681, 49.914079642187225]","wisnicz_nowy"
"35",3697,"Chrzanów","miasto","świątynia główna","kr",4,2561,"[19.407315185932664, 50.14283863390426]","chrzanow"
"36",3743,"Dukla","miasto","świątynia główna","kr",4,2563,"[21.68602572405489, 49.55421962606903]","dukla"
"37",3749,"Frysztak","miasto","świątynia główna","san",4,22482,"[21.608879143114038, 49.83698707669328]","frysztak"
"38",3750,"Sędziszów","miasto","świątynia główna","san",4,2492,"[21.69981389771798, 50.06924933772789]","sedziszow"
"39",3757,"Ulanów","miasto","świątynia główna","san",4,2505,"[22.265055154493755, 50.49021650914709]","ulanow"
"40",3780,"Kazimierz","miasto","świątynia pomocnicza","kr",4,2572,"[19.946667232536733, 50.05162149648709]","kazimierz"
"41",7607,"Lipsko","miasto","świątynia główna","san",4,2465,"[21.64771639646634, 51.1607146238505]","lipsko"
"42",7630,"Szczekociny","miasto","świątynia główna","kr",4,2589,"[19.81769531201004, 50.6267904556694]","szczekociny"
"43",7640,"Szydłowiec","miasto","świątynia główna","san",4,2500,"[20.859863806747605, 51.22771018248524]","szydlowiec"
"44",15022,"Siemiatycze","miasto","świątynia główna","podl",4,2318,"[22.862653952950993, 52.427112241799804]","siemiatycze"
"45",15023,"Radomyśl","miasto","świątynia główna","kij",4,2202,"[29.22720661993435, 50.49478237523596]","radomysl"
"46",15031,"Hrubieszów","miasto","świątynia główna","rus",4,2608,"[23.898016915376445, 50.80176240301142]","hrubieszow"
"47",15050,"Czerniejewo","miasto","świątynia główna","gn",4,24470,"[17.491669329655213, 52.42442133148249]","czerniejewo"
"48",15059,"Witkowo","miasto","świątynia główna","gn",4,2134,"[17.774452660291537, 52.43953733162733]","witkowo"
"49",15136,"Kazimierz","miasto","świątynia pomocnicza","kr",4,2571,"[19.94735897744987, 50.051338433895836]","kazimierz"
"50",15154,"Głogów","miasto","świątynia główna","san",4,2448,"[21.96444525865631, 50.15067874222381]","glogow"
"51",15159,"Rudnik","miasto","świątynia główna","san",4,2489,"[22.25051636525817, 50.443176546309886]","rudnik"
"52",15161,"Janów","miasto","świątynia główna","lub",4,9033,"[22.40925520831089, 50.70431429757824]","janow"
"53",15165,"Baranów","miasto","świątynia główna","san",4,2440,"[21.541497754072374, 50.500408513208235]","baranow"
"54",15175,"Żabno","miasto","świątynia główna","san",4,2509,"[20.88768633888863, 50.135262413324035]","zabno"
"55",15188,"Kazimierz","miasto","świątynia pomocnicza","kr",4,2569,"[19.947343171047038, 50.05264271589264]","kazimierz"
"56",15192,"Nowy Korczyn","miasto","świątynia pomocnicza","san",4,2460,"[20.813266326364737, 50.29906926264443]","nowy_korczyn"
"57",15194,"Oleśnica","miasto","świątynia główna","san",4,2472,"[21.063395733497742, 50.449857095818466]","olesnica"
"58",15202,"Działoszyce","miasto","świątynia główna","kr",4,2564,"[20.35186721810443, 50.36432874811896]","dzialoszyce"
"59",15229,"Koniecpol","miasto","świątynia główna","sier",4,2520,"[19.67455693191349, 50.771119559868595]","koniecpol"
"60",15237,"Żarki","miasto","świątynia główna","kr",4,2602,"[19.364638551240265, 50.62673164094473]","zarki"
"61",15244,"Sienno","miasto","świątynia główna","san",4,2493,"[21.47099412758573, 51.08506784401963]","sienno"
"62",15253,"Janowiec","miasto","świątynia główna","san",4,2453,"[21.896141393318302, 51.32281808455706]","janowiec"
"63",4791,"Konstantynów Nowy","miasto","świątynia główna","pod",4,10139,"[27.749590724061022, 49.48551320334184]","konstantynow_nowy"
"64",12143,"Szarawka","miasto","świątynia główna","pod",4,2364,"[26.980121608318086, 49.21399276239487]","szarawka"
"65",12395,"Lisianka","miasto","świątynia główna","kij",4,23407,"[30.819233966699585, 49.26465571728056]","lisianka"
"66",4946,"Tyśmienica","miasto","świątynia główna","rus",4,2067,"[24.835559197425482, 48.90317304054446]","tysmienica"
"67",5017,"Pistyń","miasto","świątynia główna","rus",4,2690,"[25.02843534963756, 48.359117348384245]","pistyn"
"68",12976,"Berszada","miasto","świątynia główna","brac",4,18322,"[29.51066456527076, 48.36534179986529]","berszada"
"69",13331,"Wałcz","miasto","świątynia główna","poz",4,2424,"[16.466296083558177, 53.27293642194627]","walcz"
"70",13547,"Stobychwa","miasto","świątynia główna","woł",4,22650,"[25.175870954954235, 51.38982670825715]","stobychwa"
"71",13853,"Łęczyca","miasto","świątynia główna","łęcz",4,2264,"[19.185113235094605, 52.060208654112785]","leczyca"
"72",8014,"Konin","miasto","świątynia główna","kal",4,24465,"[18.26118309487839, 52.19933106148892]","konin"
"73",9073,"Trościaniec","miasto","świątynia główna","brac",4,23288,"[29.240264434956714, 48.5155348857038]","troscianiec"
"74",14966,"Jaruga","miasto","świątynia główna","pod",4,9876,"[28.042435468084022, 48.32770924237127]","jaruga"
"75",27,"Nawarja","miasto","świątynia główna","rus",4,2013,"[23.93398958071117, 49.74244324423421]","nawarja"
"76",212,"Bircza","miasto","świątynia główna","rus",4,1934,"[22.4799927762449, 49.68274381796118]","bircza"
"77",10266,"Miłosław","miasto","świątynia główna","kal",4,2159,"[17.48410999194317, 52.207222565531254]","miloslaw"
"78",12766,"Kaniów","miasto","świątynia główna","kij",4,23405,"[31.504289053833816, 49.726982198831934]","kaniow"
"79",11384,"Ropczyce","miasto","świątynia główna","san",4,22483,"[21.609412725168855, 50.051892113185666]","ropczyce"
"80",9895,"Koźminek","miasto","świątynia główna","kal",4,24460,"[18.33972256942934, 51.79445964286583]","kozminek"
"81",2864,"Czudec","miasto","świątynia główna","san",4,2445,"[21.838794618622966, 49.94640651875482]","czudec"
"82",7352,"Kryłów","miasto","świątynia główna","kij",4,24396,"[33.10780232572, 49.09871866202735]","krylow"
"83",3326,"Żarnowiec","miasto","świątynia główna","kr",4,2605,"[19.86455192570535, 50.48627668132873]","zarnowiec"
"84",12581,"Lityn","miasto","świątynia główna","brac",4,23267,"[28.073779432651236, 49.33365681601424]","lityn"
"85",2866,"Strzyżów","miasto","świątynia główna","san",4,2499,"[21.786575195935693, 49.86927377823435]","strzyzow"
"86",3393,"Staszów","miasto","świątynia główna","san",4,2494,"[21.165141350864367, 50.56401717118679]","staszow"
"87",3436,"Stopnica","miasto","świątynia główna","san",4,2497,"[20.94368593669475, 50.43955378298019]","stopnica"
"88",3584,"Rybotycze","miasto","świątynia główna","rus",4,2028,"[22.644083558860842, 49.65555471184568]","rybotycze"
"89",3589,"Szamotuły","miasto","świątynia główna","poz",4,2404,"[16.578960038984214, 52.613591763190634]","szamotuly"
"90",3595,"Zwoleń","miasto","świątynia główna","san",4,2513,"[21.575390964007852, 51.358817064855714]","zwolen"
"91",3792,"Nowy Korczyn","miasto","świątynia pomocnicza","san",4,2458,"[20.81114393148105, 50.298128411934464]","nowy_korczyn"
"92",3802,"Pińczów","miasto","świątynia pomocnicza","san",4,2480,"[20.526411828035517, 50.51892169532475]","pinczow"
"93",3811,"Tarłów","miasto","świątynia główna","san",4,2444,"[21.71323904542838, 51.0009790136628]","tarlow"
"94",5513,"Bracław","miasto","świątynia główna","brac",4,18420,"[28.925089428718763, 48.82228428414351]","braclaw"
"95",6001,"Dobra","miasto","świątynia główna","sier",4,2517,"[18.630270679712567, 51.91485401522078]","dobra"
"96",7136,"Sobków","miasto","świątynia główna","san",4,2512,"[20.450622175152233, 50.69934555668776]","sobkow"
"97",7180,"Janów","miasto","świątynia główna","kr",4,2566,"[19.436565474846766, 50.7241257498679]","janow"
"98",7192,"Ożarów","miasto","świątynia główna","san",4,2475,"[21.6668804063832, 50.88823304537955]","ozarow"
"99",7209,"Klimontów","miasto","świątynia główna","san",4,2455,"[21.451896015723854, 50.655957648404936]","klimontow"
"100",7388,"Chełm","miasto","świątynia główna","rus",4,2675,"[23.474799012591987, 51.13321462718145]","chelm"
"101",7390,"Turobin","miasto","świątynia główna","rus",4,2700,"[22.750898693413866, 50.82362518788124]","turobin"
"102",7398,"Zamość","miasto","świątynia główna","rus",4,2080,"[23.254257985168177, 50.71809340568052]","zamosc"
"103",7401,"Tomaszów Lubelski","miasto","świątynia główna","beł",4,6388,"[23.41752904734553, 50.45268168983877]","tomaszow_lubelski"
"104",7404,"Grodzisk","miasto","świątynia główna","poz",4,2379,"[16.38118309647234, 52.223495134851134]","grodzisk"
"105",7407,"Modliborzyce","miasto","świątynia główna","lub",4,2226,"[22.330642228397263, 50.75450393389164]","modliborzyce"
"106",7424,"Żydowo","miasto","świątynia główna","gn",4,24471,"[17.58561133204392, 52.454398819621275]","zydowo"
"107",7441,"Oświęcim","miasto","świątynia główna","kr",4,2584,"[19.219981780572358, 50.038913400222214]","oswiecim"
"108",7490,"Jarczów","miasto","świątynia główna","beł",4,6365,"[23.592654075453765, 50.424459410715485]","jarczow"
"109",7548,"Dębica","miasto","świątynia główna","san",4,2447,"[21.42761193558137, 50.046266506996346]","debica"
"110",7559,"Tarnów","miasto","świątynia główna","san",4,2504,"[20.989675120211068, 50.013328294154114]","tarnow"
"111",7562,"Dąbrowa","miasto","świątynia główna","san",4,2446,"[20.988243976445563, 50.17574235798659]","dabrowa"
"112",7569,"Kazimierz","miasto","świątynia główna","kr",4,2568,"[19.948571509843195, 50.051406733654666]","kazimierz"
"113",7580,"Nowy Korczyn","miasto","świątynia główna","san",4,2459,"[20.811517026860084, 50.297773944150464]","nowy_korczyn"
"114",7590,"Wiślica","miasto","świątynia główna","san",4,2507,"[20.67258830637066, 50.35031135456142]","wislica"
"115",7592,"Pińczów","miasto","świątynia pomocnicza","san",4,2481,"[20.528484472837235, 50.51892892240156]","pinczow"
"116",10401,"Zator","miasto","świątynia główna","kr",4,2600,"[19.436640730987577, 49.99630727273833]","zator"
"117",10841,"Frampol","miasto","świątynia główna","lub",4,2217,"[22.669198022425604, 50.67070363709441]","frampol"
"118",11036,"Będzin","miasto","świątynia główna","kr",4,2558,"[19.128251567684224, 50.32640200027244]","bedzin"
"119",11045,"Bogorja","miasto","świątynia główna","san",4,2441,"[21.261094557909466, 50.6522200008808]","bogorja"
"120",11056,"Dzików","miasto","świątynia główna","san",4,2467,"[21.673569493051843, 50.573653026628264]","dzikow"
"121",11083,"Chmielnik","miasto","świątynia główna","san",4,2442,"[20.751816260778007, 50.61572052946376]","chmielnik"
"122",11230,"Dobromil","miasto","świątynia główna","rus",4,1942,"[22.782019976762818, 49.57145633403745]","dobromil"
"123",11240,"Międzyrzec","miasto","świątynia główna","podl",4,23168,"[22.78504972028831, 51.98431721021758]","miedzyrzec"
"124",11243,"Łosice","miasto","świątynia główna","podl",4,2307,"[22.736140465427752, 52.20603763861055]","losice"
"125",11247,"Wysokie Mazowieckie","miasto","świątynia pomocnicza","podl",4,23169,"[22.485079262502268, 52.922754056559484]","wysokie_mazowieckie"
"126",11253,"Lubaczów","miasto","świątynia główna","beł",4,2086,"[23.12504068613605, 50.15955506325329]","lubaczow"
"127",11258,"Wojsławice","miasto","świątynia główna","rus",4,2703,"[23.55209562859602, 50.92736729342005]","wojslawice"
"128",11323,"Lubycza Królewska","miasto","świątynia główna","beł",4,22411,"[23.52036288568835, 50.340691274172194]","lubycza_krolewska"
"129",11387,"Rozwadów","miasto","świątynia główna","san",4,2486,"[22.045219337814284, 50.591456260057775]","rozwadow"
"130",11392,"Mielec","miasto","świątynia główna","san",4,2457,"[21.420931119743596, 50.28739866084671]","mielec"
"131",11413,"Kazimierz","miasto","świątynia pomocnicza","kr",4,2573,"[19.945738836034142, 50.05262003309876]","kazimierz"
"132",11414,"Kazimierz","miasto","świątynia pomocnicza","kr",4,2570,"[19.948782807943747, 50.052443003532865]","kazimierz"
"133",11428,"Pacanów","miasto","świątynia główna","san",4,2476,"[21.03917648212005, 50.40060782129251]","pacanow"
"134",11431,"Szydłów","miasto","świątynia główna","san",4,2501,"[21.00098314692142, 50.59259369319353]","szydlow"
"135",11435,"Pińczów","miasto","świątynia główna","san",4,2479,"[20.52738826378863, 50.5188181928906]","pinczow"
"136",11438,"Kurozwęki","miasto","świątynia główna","san",4,2462,"[21.102509801894197, 50.59023107683773]","kurozweki"
"137",11445,"Sandomierz","miasto","świątynia główna","san",4,22485,"[21.748264232686875, 50.68022489697094]","sandomierz"
"138",11451,"Zaklików","miasto","świątynia główna","lub",4,2263,"[22.10035421905831, 50.75727066812096]","zaklikow"
"139",11479,"Wodzisław","miasto","świątynia główna","kr",4,2595,"[20.189012063767322, 50.521618674544776]","wodzislaw"
"140",14263,"Nowy Sącz","miasto","świątynia pomocnicza","kr",4,2580,"[20.697328640340572, 49.625009418821826]","nowy_sacz"
"141",14270,"Bobowa","miasto","świątynia główna","kr",4,2560,"[20.943122928087664, 49.70774025241543]","bobowa"
"142",14729,"Pilica","miasto","świątynia główna","kr",4,2586,"[19.659159329876807, 50.46805072380349]","pilica"
"143",14730,"Olkusz","miasto","świątynia główna","kr",4,2582,"[19.5610273003353, 50.27991786179543]","olkusz"
"144",14732,"Wolbrom","miasto","świątynia główna","kr",4,2599,"[19.757517731037797, 50.38613063855403]","wolbrom"
"145",14785,"Ostrowiec","miasto","świątynia główna","san",4,2474,"[21.38563951147828, 50.93931275673769]","ostrowiec"
"146",14793,"Opatów","miasto","świątynia główna","san",4,2443,"[21.422655309601975, 50.800185670704714]","opatow"
"147",14795,"Raków","miasto","świątynia główna","san",4,2491,"[21.042601862204403, 50.67347511135075]","rakow"
"148",14801,"Połaniec","miasto","świątynia główna","san",4,2484,"[21.282045291993835, 50.43189268733713]","polaniec"
"149",14808,"Iwaniska","miasto","świątynia główna","san",4,2451,"[21.276378749100182, 50.732261654740284]","iwaniska"
"150",14818,"Kolbuszowa","miasto","świątynia główna","san",4,2456,"[21.77614744381778, 50.24329222221901]","kolbuszowa"
"151",14819,"Radomyśl Wielki","miasto","świątynia główna","san",4,2510,"[21.27851690474017, 50.19663649600685]","radomysl_wielki"
"152",14921,"Żmigród Nowy","miasto","świątynia główna","kr",4,2607,"[21.525529434894633, 49.60614056351302]","zmigrod_nowy"
"153",15231,"Nakło","miasto","świątynia główna","kr",4,2578,"[19.727278683554797, 50.658058573916115]","naklo"
"154",14997,"Janów","miasto","świątynia główna","rus",4,1965,"[23.732874430921186, 49.91321454120413]","janow"
"155",15014,"Radom","miasto","świątynia główna","san",4,22479,"[21.14208953716575, 51.401067285310226]","radom"
"156",2126,"Siedliszcze","miasto","świątynia główna","rus",4,2034,"[23.163721841825236, 51.19392555150114]","siedliszcze"
"157",907,"Mordy","miasto","świątynia główna","podl",4,2309,"[22.51240041214362, 52.212408806386804]","mordy"
"158",12283,"Kulczyny","miasto","świątynia główna","woł",4,12132,"[26.91618475830603, 49.747741538815944]","kulczyny"
"159",1160,"Czarnków","miasto","świątynia główna","poz",4,13836,"[16.560962972356833, 52.89446283972143]","czarnkow"
"160",2935,"Mizocz","miasto","świątynia główna","woł",4,24578,"[26.141779671337133, 50.399081719361845]","mizocz"
"161",5209,"Rajgródek","miasto","świątynia główna","brac",4,23279,"[29.09798657547708, 48.87428876489486]","rajgrodek"
"162",639,"Janów","miasto","świątynia główna","rus",4,1966,"[25.720494023986817, 49.21241771317517]","janow"
"163",5916,"Chojniki","miasto","świątynia główna","kij",4,23401,"[29.962354243574794, 51.88932837280282]","chojniki"
"164",6239,"Seroczyn","miasto","świątynia pomocnicza","maz",4,2276,"[21.928956151690898, 52.00979413154175]","seroczyn"
"165",993,"Chmielnik","miasto","świątynia główna","pod",4,9599,"[27.94787376309057, 49.56265221945455]","chmielnik"
"166",1042,"Kuźmin","miasto","świątynia główna","woł",4,22504,"[27.08642463869421, 49.6942266152401]","kuzmin"
"167",1286,"Zaleszczyki","miasto","świątynia główna","pod",4,2369,"[25.735611965444434, 48.635354608369084]","zaleszczyki"
"168",2870,"Szumsk","miasto","świątynia główna","woł",4,22652,"[26.12644223415049, 50.124318807911834]","szumsk"
"169",6801,"Sudyłków","miasto","świątynia główna","woł",4,22508,"[27.13000899481375, 50.1696325432066]","sudylkow"
"170",4241,"Skole","miasto","świątynia główna","rus",4,2046,"[23.52189942736601, 49.0385760723413]","skole"
"171",4465,"Franpol","miasto","świątynia główna","pod",4,2334,"[26.75934744354356, 49.091298911744616]","franpol"
"172",4750,"Koszowata","miasto","świątynia główna","kij",4,23406,"[30.608437519936047, 49.471598265177704]","koszowata"
"173",5063,"Ułaszkowce","miasto","świątynia główna","pod",4,2367,"[25.828827713612554, 48.905330086015454]","ulaszkowce"
"174",6778,"Berezdów","miasto","świątynia główna","woł",4,22477,"[27.11987101851645, 50.45846591347856]","berezdow"
"175",9340,"Balin","miasto","świątynia główna","pod",4,9467,"[26.66055814799813, 48.87808316101854]","balin"
"176",9444,"Łuczyniec","miasto","świątynia główna","pod",4,22950,"[27.8239014146597, 48.71319415407447]","luczyniec"
"177",401,"Karmin","wieś","świątynia główna","kal",4,24461,"[17.6893368177694, 51.831870425748775]","karmin"
"178",10905,"Łokacze","miasto","świątynia główna","woł",4,22630,"[24.632923048569012, 50.734143583820526]","lokacze"
"179",111,"Krakowiec","miasto","świątynia główna","rus",4,1979,"[23.156919017461348, 49.95763052648448]","krakowiec"
"180",199,"Nowe Miasto","miasto","świątynia główna","rus",4,2015,"[22.865161788494845, 49.6165628869914]","nowe_miasto"
"181",216,"Pruchnik","miasto","świątynia główna","rus",4,2018,"[22.512287094869976, 49.90652978703082]","pruchnik"
"182",222,"Krzywcza","miasto","świątynia główna","rus",4,1992,"[22.536003356223603, 49.796900824570685]","krzywcza"
"183",826,"Krasiłów","miasto","świątynia główna","woł",4,2559,"[26.963963020870892, 49.650133412823834]","krasilow"
"184",253,"Bukowsko","miasto","świątynia pomocnicza","rus",4,1937,"[22.063512316214428, 49.474188413346155]","bukowsko"
"185",294,"Horynka","miasto","świątynia główna","woł",4,22611,"[25.783751030611484, 49.98600748108754]","horynka"
"186",298,"Załoźce","miasto","świątynia główna","rus",4,22449,"[25.368573322177383, 49.78400645233393]","zalozce"
"187",344,"Czortków","miasto","świątynia główna","rus",4,3407,"[25.807913272954067, 49.01619023292426]","czortkow"
"188",415,"Mariampol","miasto","świątynia główna","rus",4,1999,"[24.86624757242106, 49.02389572209739]","mariampol"
"189",430,"Raszków","miasto","świątynia główna","brac",4,23280,"[28.83278440958054, 47.93263638242183]","raszkow"
"190",450,"Turka","miasto","świątynia główna","rus",4,2065,"[23.017832039775897, 49.14815946435556]","turka"
"191",543,"Narajów","miasto","świątynia główna","rus",4,2687,"[24.775474748009287, 49.53130785199107]","narajow"
"192",544,"Brzeżany","miasto","świątynia główna","rus",4,1982,"[24.94501287662615, 49.44922608286498]","brzezany"
"193",550,"Rohatyn","miasto","świątynia główna","rus",4,2024,"[24.63247160959469, 49.4066408771173]","rohatyn"
"194",575,"Bóbrka","miasto","świątynia główna","rus",4,1951,"[24.308530363850025, 49.64150474170867]","bobrka"
"195",582,"Przemyślany","miasto","świątynia główna","rus",4,22376,"[24.550055764817785, 49.669550627993715]","przemyslany"
"196",608,"Gliniany","miasto","świątynia główna","rus",4,2663,"[24.528605146566804, 49.81696509924268]","gliniany"
"197",645,"Probużna","miasto","świątynia główna","pod",4,2355,"[25.9854415927162, 49.0280164426153]","probuzna"
"198",688,"Jarmolińce","miasto","świątynia główna","pod",4,2339,"[26.83158853155078, 49.18672746245022]","jarmolince"
"199",691,"Olchowiec","miasto","świątynia główna","pod",4,24582,"[27.363392484513327, 48.6881049715231]","olchowiec"
"200",697,"Mikołajów","miasto","świątynia główna","pod",4,22952,"[26.84779213995813, 49.57415858256792]","mikolajow"
"201",716,"Sołodkowce","miasto","świątynia główna","pod",4,2362,"[26.921500010503962, 49.082329405674216]","solodkowce"
"202",758,"Skałat","miasto","świątynia główna","rus",4,2035,"[25.968587798763394, 49.43413514175268]","skalat"
"203",774,"Podhajce","miasto","świątynia główna","rus",4,2692,"[25.127734045462034, 49.267830097414844]","podhajce"
"204",775,"Zawałów","miasto","świątynia główna","rus",4,22380,"[25.019395721629905, 49.2075068941877]","zawalow"
"205",785,"Teofilpol","miasto","świątynia główna","woł",4,22517,"[26.418338334626128, 49.83179515063159]","teofilpol"
"206",814,"Ożohowce","miasto","świątynia główna","woł",4,22511,"[26.244322324244024, 49.63012752843326]","ozohowce"
"207",844,"Dziuńków","miasto","świątynia główna","brac",4,23004,"[29.441038306425753, 49.45389829373164]","dziunkow"
"208",896,"Daszów","miasto","świątynia główna","brac",4,22989,"[29.412887567285964, 49.00827107742742]","daszow"
"209",938,"Wońkowce","miasto","świątynia główna","pod",4,22963,"[27.223743399083276, 49.03001879210677]","wonkowce"
"210",957,"Skwira","miasto","świątynia główna","kij",4,2204,"[29.664955605290004, 49.72429528001584]","skwira"
"211",958,"Stawiszcze","miasto","świątynia główna","kij",4,2206,"[30.197661012574372, 49.38453458745647]","stawiszcze"
"212",970,"Białacerkiew","wieś","świątynia główna","kij",4,2169,"[30.12202597316076, 49.7829039986392]","bialacerkiew"
"213",1053,"Krasnopol","miasto","świątynia główna","kij",4,2191,"[28.06288401676386, 49.83232749261566]","krasnopol"
"214",1093,"Przyłuka","miasto","świątynia główna","brac",4,23278,"[28.72818113651067, 49.38831531838184]","przyluka"
"215",1095,"Woroszyłówka","miasto","świątynia główna","brac",4,23293,"[28.340412598861462, 49.03744299583218]","woroszylowka"
"216",1096,"Brahiłów","miasto","świątynia główna","brac",4,18441,"[28.14957363227893, 49.118989955234554]","brahilow"
"217",1097,"Miedziaków","miasto","świątynia główna","brac",4,23270,"[28.384400303609084, 49.391841673373335]","miedziakow"
"218",1098,"Pików","miasto","świątynia główna","brac",4,23276,"[28.2578510603185, 49.56948180674266]","pikow"
"219",1112,"Chodzież","miasto","świątynia główna","gn",4,14189,"[16.90620574224988, 52.99285599290613]","chodziez"
"220",1148,"Zbąszyń","miasto","świątynia główna","poz",4,2430,"[15.907463921615545, 52.25845544776661]","zbaszyn"
"221",1149,"Skwierzyna","miasto","świątynia główna","poz",4,2409,"[15.514731550844601, 52.5940719385099]","skwierzyna"
"222",1154,"Trzciel","miasto","świątynia główna","poz",4,2421,"[15.866339364130852, 52.36193134423041]","trzciel"
"223",1157,"Międzyrzecz","miasto","świątynia główna","poz",4,2387,"[15.601067293933, 52.43852522190588]","miedzyrzecz"
"224",1158,"Czempiń","miasto","świątynia główna","poz",4,2373,"[16.768683022819175, 52.14727183630765]","czempin"
"225",1159,"Wolsztyn","miasto","świątynia główna","poz",4,2425,"[16.12323507250551, 52.11257689173925]","wolsztyn"
"226",1162,"Lwówek","miasto","świątynia główna","poz",4,2384,"[16.17744390846252, 52.45015298899659]","lwowek"
"227",1163,"Oborniki","miasto","świątynia główna","poz",4,2390,"[16.83795841926832, 52.64796735534384]","oborniki"
"228",1169,"Bohorodczany","miasto","świątynia główna","rus",4,1939,"[24.538936806252252, 48.808608313828984]","bohorodczany"
"229",1170,"Stanisławów","miasto","świątynia główna","rus",4,2669,"[24.70298304952945, 48.912540300560636]","stanislawow"
"230",1186,"Łask","miasto","świątynia główna","sier",4,2522,"[19.138109462366117, 51.59376691812287]","lask"
"231",1187,"Lutomiersk","miasto","świątynia główna","sier",4,2521,"[19.221121875109134, 51.74474580457087]","lutomiersk"
"232",1188,"Kamieńsk","miasto","świątynia główna","sier",4,24585,"[19.496334310876875, 51.205733788241446]","kamiensk"
"233",1207,"Kałów","miasto","świątynia główna","łęcz",4,24476,"[19.037796932039726, 51.83499125035689]","kalow"
"234",1224,"Kamionka Wielka","miasto","świątynia główna","rus",4,22365,"[25.11541314120575, 48.63417836350328]","kamionka_wielka"
"235",1260,"Tłumacz","miasto","świątynia główna","rus",4,22378,"[25.024632956742437, 48.86853469570735]","tlumacz"
"236",1381,"Ilińce","miasto","świątynia główna","brac",4,23265,"[29.225314310587066, 49.10690113721569]","ilince"
"237",1530,"Obodówka","miasto","świątynia główna","brac",4,23274,"[29.236135093537825, 48.417035400279644]","obodowka"
"238",1531,"Zawady","wieś","świątynia główna","maz",4,2288,"[22.666729160735542, 53.15502187792646]","zawady"
"239",1532,"Grajewo","miasto","świątynia główna","maz",4,2266,"[22.45501058513605, 53.63545248354592]","grajewo"
"240",1533,"Granów","miasto","świątynia główna","brac",4,23114,"[29.56557045943748, 48.855985368152176]","granow"
"241",1534,"Lipno","wieś","świątynia główna","maz",4,2269,"[22.327611270287775, 53.59402323305977]","lipno"
"242",1566,"Rutki","miasto","świątynia główna","maz",4,2274,"[22.43996728291023, 53.08140273629067]","rutki"
"243",1571,"Tykocin","miasto","świątynia główna","podl",4,2323,"[22.79127008393567, 53.194122436540454]","tykocin"
"244",1587,"Sokolec","miasto","świątynia główna","pod",4,2361,"[27.07742972857511, 48.7371966417511]","sokolec"
"245",1590,"Zambrów","miasto","świątynia główna","maz",4,24544,"[22.243863060139404, 52.96728271070231]","zambrow"
"246",1596,"Mińkowce","miasto","świątynia główna","pod",4,2352,"[27.113494450311407, 48.850415923482046]","minkowce"
"247",1613,"Szreńsk","miasto","świątynia główna","pł",4,2654,"[20.125704985944594, 53.01479151210549]","szrensk"
"248",1630,"Wyszogród","miasto","świątynia główna","maz",4,2285,"[20.1991704829083, 52.39062216851693]","wyszogrod"
"249",1636,"Bilcze Złote","miasto","świątynia główna","pod",4,2329,"[25.877288906937338, 48.76610069798875]","bilcze_zlote"
"250",1642,"Krzywcze","miasto","świątynia główna","pod",4,2346,"[26.11341528026287, 48.69820269686437]","krzywcze"
"251",1645,"Dźwinogród","miasto","świątynia główna","pod",4,9880,"[26.26909361624314, 48.54278763201222]","dzwinogrod"
"252",1646,"Orynin","miasto","świątynia główna","pod",4,2354,"[26.411212872189026, 48.75000771878149]","orynin"
"253",1662,"Głowno","miasto","świątynia główna","raw",4,2434,"[19.7294985917311, 51.95628529547673]","glowno"
"254",1686,"Smotrycz","miasto","świątynia główna","pod",4,2360,"[26.541986475666818, 48.94874100068705]","smotrycz"
"255",1696,"Studzienica","miasto","świątynia główna","pod",4,2363,"[26.906743884285163, 48.56732831446067]","studzienica"
"256",1697,"Kitajgród","miasto","świątynia główna","pod",4,2344,"[26.802348666668763, 48.636807429832515]","kitajgrod"
"257",1699,"Maków","miasto","świątynia główna","pod",4,2351,"[26.688085245082164, 48.79028368319388]","makow"
"258",1760,"Tulczyn","miasto","świątynia główna","brac",4,23289,"[28.858629207896854, 48.66398069316068]","tulczyn"
"259",1800,"Złotów","miasto","świątynia główna","gn",4,2137,"[17.047043067702987, 53.35246549696842]","zlotow"
"260",1804,"Ostromecko","miasto","świątynia główna","che",4,2122,"[18.221627150165716, 53.15255131350756]","ostromecko"
"261",1901,"Tuczno","miasto","świątynia główna","poz",4,2423,"[16.16777598800485, 53.203213291729526]","tuczno"
"262",1921,"Sawrań","miasto","świątynia główna","brac",4,23281,"[30.08616393522749, 48.142338420825524]","sawran"
"263",1975,"Bolszewo","wieś","świątynia główna","pom",4,15573,"[18.176246427070964, 54.613778260595836]","bolszewo"
"264",1994,"Toruń","miasto","świątynia główna","che",4,24535,"[18.633620807156433, 53.01845269165693]","torun"
"265",2038,"Włostowice","wieś","świątynia główna","lub",4,2260,"[21.982047150150606, 51.4046111541266]","wlostowice"
"266",2069,"Ratno","miasto","świątynia główna","rus",4,2693,"[24.53165624943597, 51.661155251869445]","ratno"
"267",2085,"Łysobyki","miasto","świątynia główna","san",4,2503,"[22.287306203814524, 51.604221825395825]","lysobyki"
"268",2097,"Radzyń","miasto","świątynia główna","lub",4,2253,"[22.607229684326512, 51.7838108039918]","radzyn"
"269",2606,"Nowemiasto","miasto","świątynia główna","kal",4,2161,"[17.414710145512913, 52.08329095728766]","nowemiasto"
"270",2132,"Dubienka","miasto","świątynia główna","beł",4,6364,"[23.88733048843892, 51.05331683820452]","dubienka"
"271",2143,"Maciejów","miasto","świątynia główna","rus",4,2685,"[24.34916111799754, 51.22459447685924]","maciejow"
"272",2154,"Niesuchojeże","miasto","świątynia główna","woł",4,22638,"[24.836420470039002, 51.37913235829251]","niesuchojeze"
"273",2176,"Wieledniki","miasto","świątynia główna","kij",4,23412,"[28.473413518135658, 51.31091351234301]","wieledniki"
"274",2180,"Łuhiny","miasto","świątynia główna","kij",4,23408,"[28.40325178316931, 51.073520420556804]","luhiny"
"275",2184,"Czartorysk","miasto","świątynia główna","woł",4,22607,"[25.873223162874353, 51.22448162453509]","czartorysk"
"276",2226,"Jaraczew","miasto","świątynia główna","kal",4,2148,"[17.29683649186711, 51.96677487521123]","jaraczew"
"277",2231,"Koźmin","miasto","świątynia główna","kal",4,2153,"[17.465592168050364, 51.81634629920137]","kozmin"
"278",2252,"Błaszki","miasto","świątynia główna","sier",4,2514,"[18.44522608903162, 51.645337315915754]","blaszki"
"279",2372,"Opoczno","miasto","świątynia główna","san",4,2482,"[20.301706512308442, 51.37978360323933]","opoczno"
"280",2402,"Przedbórz","miasto","świątynia główna","san",4,2452,"[19.89027520767786, 51.08718611072118]","przedborz"
"281",2429,"Dobrzyń","miasto","świątynia główna","in",4,2139,"[19.342078955955742, 52.63993141208965]","dobrzyn"
"282",2430,"Krośniewice","miasto","świątynia główna","łęcz",4,22852,"[19.16287131687983, 52.25717355954197]","krosniewice"
"283",2436,"Płońsk","miasto","świątynia główna","pł",4,2645,"[20.38647093746414, 52.61457474418711]","plonsk"
"284",2479,"Czyżewo","miasto","świątynia główna","maz",4,2265,"[22.33222359619981, 52.79110376878651]","czyzewo"
"285",2491,"Sarnaki","miasto","świątynia główna","podl",4,2317,"[22.889763697686305, 52.31794598941127]","sarnaki"
"286",2492,"Drohiczyn","miasto","świątynia pomocnicza","podl",4,2300,"[22.642102755810583, 52.408655431405066]","drohiczyn"
"287",2493,"Sokołów","miasto","świątynia główna","podl",4,2320,"[22.26817838957436, 52.409477690529684]","sokolow"
"288",2574,"Radziki Duże","wieś","świątynia główna","in",4,24478,"[19.2688362129648, 53.15843721700935]","radziki_duze"
"289",2575,"Żołędowo","miasto","świątynia główna","in",4,24479,"[18.060784567149483, 53.21931455998788]","zoledowo"
"290",2618,"Golina","miasto","świątynia główna","kal",4,2146,"[18.116465372934613, 52.240227516732716]","golina"
"291",2762,"Chwastów","miasto","świątynia główna","kij",4,2183,"[29.898323248036093, 50.069438509349425]","chwastow"
"292",2801,"Rymanów","miasto","świątynia główna","rus",4,22841,"[21.85771637422698, 49.57783761366164]","rymanow"
"293",2808,"Tyczyn","miasto","świątynia główna","rus",4,2069,"[22.019139957045695, 49.96253560869667]","tyczyn"
"294",2821,"Dubiecko","miasto","świątynia główna","rus",4,1952,"[22.396305009530124, 49.820516271025554]","dubiecko"
"295",2904,"Równe","miasto","świątynia główna","woł",4,2556,"[26.262468079727512, 50.61059388796514]","rowne"
"296",2951,"Szczurowice","miasto","świątynia główna","beł",4,22412,"[25.015242404285686, 50.2676543996003]","szczurowice"
"297",2968,"Oździutycze","miasto","świątynia główna","woł",4,22643,"[24.702820009640106, 50.839187700951925]","ozdziutycze"
"298",3002,"Cudnów","miasto","świątynia główna","kij",4,2179,"[28.099737363880195, 50.04965829723153]","cudnow"
"299",3014,"Trojanów","wieś","świątynia główna","kij",4,2211,"[28.54991391488352, 50.1022730651066]","trojanow"
"300",3034,"Uszomierz","miasto","świątynia główna","kij",4,2210,"[28.469670135154786, 50.849729010588874]","uszomierz"
"301",3067,"Korzec","miasto","świątynia główna","woł",4,22462,"[27.1292848535212, 50.60657376021351]","korzec"
"302",3094,"Międzyrzec Korecki","miasto","świątynia główna","woł",4,22635,"[26.863432221490655, 50.65058512252642]","miedzyrzec_korecki"
"303",3101,"Annopol","miasto","świątynia główna","woł",4,9034,"[26.89452709184218, 50.45493665097899]","annopol"
"304",3102,"Milatyn","miasto","świątynia główna","woł",4,22636,"[26.62658954806136, 50.44394334388875]","milatyn"
"305",3112,"Łaszczów","miasto","świątynia główna","beł",4,6374,"[23.710793879856794, 50.52402924673589]","laszczow"
"306",3113,"Tyszowce","miasto","świątynia główna","beł",4,6389,"[23.70588415534428, 50.6227441449671]","tyszowce"
"307",3144,"Uhnów","miasto","świątynia główna","beł",4,6391,"[23.759891117787447, 50.36240098092128]","uhnow"
"308",3165,"Łańcut","miasto","świątynia główna","rus",4,2004,"[22.23359990541013, 50.07467116691282]","lancut"
"309",3170,"Grodzisko Dolne","miasto","świątynia główna","rus",4,1958,"[22.47528116428157, 50.158353979262586]","grodzisko_dolne"
"310",3191,"Tarnogród","miasto","świątynia główna","rus",4,2061,"[22.733156356653865, 50.35654671466921]","tarnogrod"
"311",3198,"Sieniawa","miasto","świątynia główna","rus",4,2044,"[22.616056242261095, 50.16914980512769]","sieniawa"
"312",3223,"Żółkiew","miasto","świątynia główna","rus",4,22383,"[23.986431578032523, 50.06771910635342]","zolkiew"
"313",3244,"Kisielin","miasto","świątynia główna","woł",4,22618,"[24.782799606328126, 50.84670812404056]","kisielin"
"314",3248,"Drużkopol","miatomaszowsto","świątynia główna","woł",4,22609,"[24.686721679466814, 50.423714652465435]","druzkopol"
"315",3284,"Horodło","miasto","świątynia główna","beł",4,6369,"[24.043873061198155, 50.88475460888776]","horodlo"
"316",3299,"Chołojów","miasto","świątynia główna","beł",4,6367,"[24.547653958064643, 50.22633024298722]","cholojow"
"317",3406,"Kraśnik","miasto","świątynia pomocnicza","lub",4,2230,"[22.22529446682006, 50.910897387665955]","krasnik"
"318",3977,"Wiszenka Wielka","wieś","świątynia główna","rus",4,2077,"[23.237025675761572, 49.691835339547936]","wiszenka_wielka"
"319",3430,"Poznań","miasto","świątynia główna","poz",4,2397,"[16.935690768612346, 52.40980798812865]","poznan"
"320",3470,"Kalinowszczyzna","wieś","świątynia główna","lub",4,22466,"[22.58853783172856, 51.24717996846482]","kalinowszczyzna"
"321",3471,"Lublin","miasto","świątynia pomocnicza","lub",4,22464,"[22.571702612372917, 51.252798760733356]","lublin"
"322",3473,"Przemyśl","miasto","świątynia główna","rus",4,2019,"[22.772060243432577, 49.78335678209993]","przemysl"
"323",3516,"Monasterzyska","miasto","świątynia główna","rus",4,2686,"[25.18012707379961, 49.097857454164966]","monasterzyska"
"324",3541,"Medwedówka","miasto","świątynia główna","kij",4,24397,"[32.38653477172994, 49.1669845065461]","medwedowka"
"325",3547,"Leszniów","miasto","świątynia główna","woł",4,22628,"[25.08978093452322, 50.24184353360346]","leszniow"
"326",3551,"Okopy Świętej Trójcy","miasto","świątynia główna","pod",4,2353,"[26.431975913782537, 48.535910935538254]","okopy_swietej_trojcy"
"327",3554,"Rzyszczów","miasto","świątynia główna","kij",4,24395,"[31.051117765868867, 49.9675253467895]","rzyszczow"
"328",3572,"Klonówka","wieś","świątynia główna","pom",4,15583,"[18.637767452430523, 53.95542419379905]","klonowka"
"329",3574,"Czarne","miasto","świątynia główna","pom",4,24528,"[16.937366563483124, 53.67782578204384]","czarne"
"330",3575,"Belno","wieś","świątynia główna","pom",4,24531,"[18.443968939357376, 53.466247939550044]","belno"
"331",3576,"Rawa Mazowiecka","miasto","świątynia główna","raw",4,2438,"[20.251498858085824, 51.76340802091073]","rawa_mazowiecka"
"332",3577,"Sochaczew","miasto","świątynia główna","raw",4,23369,"[20.258307745678792, 52.229699008045486]","sochaczew"
"333",3578,"Iłów","miasto","świątynia główna","raw",4,23366,"[20.041335139228522, 52.33493742909724]","ilow"
"334",3579,"Grodzisk Mazowiecki","miasto","świątynia główna","raw",4,23367,"[20.631477209312436, 52.10292256273544]","grodzisk_mazowiecki"
"335",3625,"Biłgoraj","miasto","świątynia główna","lub",4,6399,"[22.698212112817696, 50.545776810821465]","bilgoraj"
"336",5626,"Krajenka","miasto","świątynia główna","gn",4,2127,"[16.972803060218496, 53.299052098755794]","krajenka"
"337",4313,"Żydaczów","miasto","świątynia główna","rus",4,22387,"[24.15552382638458, 49.3755978904523]","zydaczow"
"338",4257,"Bursztyn","miasto","świątynia główna","rus",4,2674,"[24.63845929296781, 49.25715113125284]","bursztyn"
"339",3891,"Drohobycz","miasto","świątynia pomocnicza","rus",4,2661,"[23.50663174519326, 49.337335829121514]","drohobycz"
"340",3907,"Sambor","miasto","świątynia główna","rus",4,2037,"[23.191620557657473, 49.511909862527546]","sambor"
"341",3918,"Gródek Jagielloński","miasto","świątynia główna","rus",4,2676,"[23.63886052815684, 49.775143973678894]","grodek_jagiellonski"
"342",3924,"Rudki","miasto","świątynia pomocnicza","rus",4,2695,"[23.490724335690857, 49.64291785990309]","rudki"
"343",3943,"Cibórz","wieś","świątynia główna","che",4,24542,"[19.870970350205027, 53.256137996552866]","ciborz"
"344",5076,"Czerkasy","miasto","świątynia główna","kij",4,23403,"[32.08318082296711, 49.4386813261267]","czerkasy"
"345",3968,"Szembruk","wieś","świątynia główna","che",4,24541,"[19.021537375909645, 53.55845418435115]","szembruk"
"346",3969,"Wlewsk","wieś","świątynia główna","che",4,24540,"[19.765582645293705, 53.2617306698117]","wlewsk"
"347",3970,"Fitowo","wieś","świątynia główna","che",4,24538,"[19.35519063856907, 53.5089077854289]","fitowo"
"348",3981,"Mościska","miasto","świątynia główna","rus",4,2012,"[23.140486882333164, 49.79262344755119]","mosciska"
"349",4053,"Chyrów","miasto","świątynia główna","rus",4,1940,"[22.851216013477654, 49.53567508207317]","chyrow"
"350",4065,"Hussaków","miasto","świątynia główna","rus",4,1964,"[22.988021263685937, 49.715981638709536]","hussakow"
"351",4067,"Kańczuga","miasto","świątynia główna","rus",4,1976,"[22.400591156738017, 49.97978186588375]","kanczuga"
"352",4093,"Lesko","miasto","świątynia główna","rus",4,1994,"[22.33280663296665, 49.47568335365753]","lesko"
"353",4111,"Oleksiniec Nowy","miasto","świątynia główna","woł",4,22639,"[25.504567406398337, 49.83790463907968]","oleksiniec_nowy"
"354",4115,"Podkamień","miasto","świątynia główna","rus",4,22373,"[25.31892468832683, 49.94288893241037]","podkamien"
"355",4131,"Wojniłów","miasto","świątynia główna","rus",4,2702,"[24.489840482932152, 49.117692719180184]","wojnilow"
"356",4184,"Rożniatów","miasto","świątynia główna","rus",4,22377,"[24.15177507894782, 48.93693736218029]","rozniatow"
"357",4206,"Stare Gronowo","wieś","świątynia główna","gn",4,24472,"[17.386592181265144, 53.53385585446131]","stare_gronowo"
"358",4207,"Barcin","miasto","świątynia główna","gn",4,24469,"[17.960970000423913, 52.8557468123214]","barcin"
"359",4212,"Bolechów","miasto","świątynia główna","rus",4,1944,"[23.85856979582394, 49.05356796302465]","bolechow"
"360",4219,"Jezupol","miasto","świątynia główna","rus",4,2666,"[24.781554177517876, 49.03088335354096]","jezupol"
"361",4315,"Żurawno","miasto","świątynia główna","rus",4,22385,"[24.285568015844717, 49.25365992266563]","zurawno"
"362",4348,"Wybranówka","miasto","świątynia główna","rus",4,5582,"[24.205638257784926, 49.560057625937304]","wybranowka"
"363",4356,"Gołogóry","miasto","świątynia główna","rus",4,1955,"[24.70418133677822, 49.746093608538956]","gologory"
"364",4379,"Olesko","miasto","świątynia główna","rus",4,22371,"[24.874859168108912, 49.96498729904414]","olesko"
"365",4389,"Jaryczów Nowy","miasto","świątynia główna","rus",4,1972,"[24.294239793263444, 49.91004751752405]","jaryczow_nowy"
"366",4391,"Busk","miasto","świątynia główna","beł",4,6392,"[24.631497251732583, 49.95891578716669]","busk"
"367",5055,"Jazłowiec","miasto","świątynia główna","pod",4,2340,"[25.437964439788004, 48.95838390470385]","jazlowiec"
"368",4463,"Satanów","miasto","świątynia główna","pod",4,2356,"[26.25703558291667, 49.256210001541035]","satanow"
"369",4464,"Tarnoruda","miasto","świątynia główna","rus",4,2365,"[26.240156824683652, 49.40528962688251]","tarnoruda"
"370",4466,"Gródek","miasto","świątynia główna","pod",4,2336,"[26.561528390829267, 49.16254050224171]","grodek"
"371",4514,"Zborów","miasto","świątynia główna","rus",4,22381,"[25.133446706266056, 49.662595197674705]","zborow"
"372",4560,"Mikulińce","miasto","świątynia główna","rus",4,2002,"[25.62119203664372, 49.38666420180692]","mikulince"
"373",4562,"Trembowla","miasto","świątynia główna","rus",4,2699,"[25.70257495970793, 49.29409586927244]","trembowla"
"374",4572,"Zbaraż","miasto","świątynia główna","woł",4,2670,"[25.779244227549157, 49.676254075474674]","zbaraz"
"375",4574,"Tarnopol","miasto","świątynia główna","rus",4,2064,"[25.591205693108577, 49.55927473463453]","tarnopol"
"376",4615,"Wołoczyska","miasto","świątynia główna","woł",4,22512,"[26.17422616694074, 49.52465866060811]","woloczyska"
"377",4672,"Taraszcza","miasto","świątynia główna","kij",4,2208,"[30.499103012595413, 49.53882259765976]","taraszcza"
"378",4692,"Sokołówka","miasto","świątynia główna","brac",4,23283,"[30.14476431263904, 49.018045227601874]","sokolowka"
"379",4694,"Zwinogródka","miasto","świątynia główna","kij",4,2213,"[30.976733495439703, 49.06351824901583]","zwinogrodka"
"380",4701,"Borowica","miasto","świątynia główna","kij",4,24400,"[32.548956684738755, 49.23124149901281]","borowica"
"381",4754,"Białołówka","miasto","świątynia główna","kij",4,2171,"[29.03146487160535, 49.67576859446365]","bialolowka"
"382",4793,"Derażnia","miasto","świątynia główna","pod",4,9795,"[27.40956268824334, 49.28415031821174]","deraznia"
"383",4865,"Janów","miasto","świątynia główna","brac",4,23215,"[28.340412598861462, 49.48573087614511]","janow"
"384",4869,"Siedliszcze","miasto","świątynia główna","brac",4,23282,"[28.738332145782806, 49.00394262341331]","siedliszcze"
"385",6711,"Michałówka","miasto","świątynia główna","woł",4,22633,"[25.363731930850633, 50.15280392397534]","michalowka"
"386",4937,"Wronki","miasto","świątynia główna","poz",4,2427,"[16.395178660655006, 52.71023520396375]","wronki"
"387",4941,"Ottynia","miasto","świątynia główna","rus",4,22372,"[24.86569014025173, 48.732332049714614]","ottynia"
"388",5000,"Zabłotów","miasto","świątynia główna","rus",4,6226,"[25.280028827997228, 48.460905463813276]","zablotow"
"389",5016,"Kołomyja","miasto","świątynia główna","rus",4,22367,"[25.04127770778615, 48.5351097772064]","kolomyja"
"390",5089,"Murowana Goślina","miasto","świątynia główna","poz",4,2388,"[17.02131343746504, 52.57357938330517]","murowana_goslina"
"391",5146,"Lipowiec","miasto","świątynia główna","brac",4,23266,"[29.06024984411647, 49.21797102400808]","lipowiec"
"392",5282,"Czeczelnik","miasto","świątynia główna","brac",4,18678,"[29.347955634535595, 48.21516297907283]","czeczelnik"
"393",5285,"Humań","miasto","świątynia główna","brac",4,23200,"[30.20971034046363, 48.74947872587268]","human"
"394",5623,"Człopa","miasto","świątynia główna","poz",4,2375,"[16.127090416582405, 53.10127573685821]","czlopa"
"395",5322,"Jedwabne","miasto","świątynia pomocnicza","maz",4,2267,"[22.316653213923132, 53.281851269022354]","jedwabne"
"396",5324,"Radziłów","miasto","świątynia pomocnicza","maz",4,22966,"[22.41625360890606, 53.40184692875425]","radzilow"
"397",5332,"Uszyca Nowa","miasto","świątynia główna","pod",4,22949,"[27.278167328588097, 48.83003645262659]","uszyca_nowa"
"398",5351,"Kalus","miasto","świątynia główna","pod",4,2342,"[27.338728842260423, 48.622618729049464]","kalus"
"399",5352,"Wierzbowiec","miasto","świątynia główna","pod",4,22962,"[27.429911344728794, 48.71681717089564]","wierzbowiec"
"400",5383,"Kasperowce","miasto","świątynia główna","pod",4,10195,"[25.85981024785076, 48.66210629471095]","kasperowce"
"401",5384,"Borszczów","miasto","świątynia główna","pod",4,2330,"[26.04461549926208, 48.79713357717344]","borszczow"
"402",5385,"Kudryńce","miasto","świątynia główna","pod",4,2347,"[26.279137380463965, 48.613309307130976]","kudrynce"
"403",5401,"Biała Rawska","miasto","świątynia główna","raw",4,2432,"[20.477392266023344, 51.802149965872275]","biala_rawska"
"404",5402,"Gąbin","miasto","świątynia główna","raw",4,2433,"[19.746360413032335, 52.401596596139825]","gabin"
"405",5489,"Morachwa","miasto","świątynia główna","brac",4,23272,"[28.22197428249723, 48.7793142144327]","morachwa"
"406",6728,"Uściług","miasto","świątynia główna","woł",4,22657,"[24.158400628053926, 50.86404703298041]","uscilug"
"407",5528,"Kolińcz","wieś","świątynia główna","pom",4,15581,"[18.577783970797896, 53.954574751766756]","kolincz"
"408",5536,"Człuchów","miasto","świątynia główna","pom",4,15441,"[17.364580845621447, 53.67084670585069]","czluchow"
"409",5537,"Mrocza","miasto","świątynia główna","in",4,2140,"[17.616135178291813, 53.247123813063354]","mrocza"
"410",5538,"Wyrzysk","wieś","świątynia główna","gn",4,2136,"[17.269859678241687, 53.14739856520305]","wyrzysk"
"411",5539,"Szarogród","miasto","świątynia główna","pod",4,22959,"[28.09166495851366, 48.73896286255257]","szarogrod"
"412",5592,"Bielawy","miasto","świątynia główna","łęcz",4,24474,"[19.657683841720996, 52.06968960552058]","bielawy"
"413",5593,"Ujazd","miasto","świątynia główna","łęcz",4,22856,"[19.91885980674425, 51.596762469870214]","ujazd"
"414",5624,"Trzcianka","miasto","świątynia główna","poz",4,2420,"[16.46863453217503, 53.03186453109146]","trzcianka"
"415",5732,"Pokrzywno","wieś","świątynia główna","che",4,24536,"[18.85131486322848, 53.43988309657908]","pokrzywno"
"416",5779,"Kurów","miasto","świątynia główna","lub",4,2237,"[22.195427945354822, 51.39631201258942]","kurow"
"417",5793,"Żelechów","miasto","świątynia główna","san",4,2511,"[21.900813237552086, 51.80578490410625]","zelechow"
"418",5827,"Biskupice","miasto","świątynia główna","lub",4,2221,"[22.957381943109738, 51.1479508145149]","biskupice"
"419",5829,"Łęczna","miasto","świątynia główna","lub",4,2242,"[22.89437313047938, 51.29524042749057]","leczna"
"420",5834,"Piaski","miasto","świątynia główna","lub",4,2250,"[22.856406282396563, 51.13789691583406]","piaski"
"421",10823,"Krasnystaw","miasto","świątynia główna","rus",4,1984,"[23.166932196639323, 50.9802982116592]","krasnystaw"
"422",5844,"Opole","miasto","świątynia główna","lub",4,2246,"[21.97979405708685, 51.15337633348611]","opole"
"423",5851,"Kock","miasto","świątynia główna","lub",4,2234,"[22.452837189990532, 51.630317555242755]","kock"
"424",5859,"Mielnica","miasto","świątynia główna","woł",4,22634,"[25.08971710334356, 51.1474013674258]","mielnica"
"425",5876,"Świerże","miasto","świątynia główna","rus",4,2698,"[23.73098585735761, 51.223261445090145]","swierze"
"426",5879,"Opalin","miasto","świątynia główna","rus",4,2688,"[23.712377657896184, 51.291977634108264]","opalin"
"427",6255,"Orla","miasto","świątynia główna","podl",4,2314,"[23.32569318280622, 52.71406500099977]","orla"
"428",5888,"Luboml","miasto","świątynia główna","rus",4,2684,"[24.029642430424815, 51.22939094794998]","luboml"
"429",5900,"Kowel","miasto","świątynia główna","woł",4,11469,"[24.71150086031878, 51.20757459971139]","kowel"
"430",5922,"Owrucz","miasto","świątynia główna","kij",4,2199,"[28.80429520969568, 51.323463132177835]","owrucz"
"431",5923,"Olewsk","miasto","świątynia główna","kij",4,23411,"[27.64499688937582, 51.207022234322324]","olewsk"
"432",5935,"Kołki","miasto","świątynia główna","woł",4,22619,"[25.67710765720932, 51.09805189124967]","kolki"
"433",5946,"Sokul","miasto","świątynia główna","woł",4,22649,"[25.317000717448195, 51.040734422793264]","sokul"
"434",5971,"Rawicz","miasto","świątynia główna","poz",4,2398,"[16.848995703205787, 51.60230615705814]","rawicz"
"435",5972,"Piaski","miasto","świątynia główna","poz",4,2411,"[17.093680829855373, 51.881731245638946]","piaski"
"436",5978,"Borek","miasto","świątynia główna","kal",4,2144,"[17.253833115764962, 51.92055153953572]","borek"
"437",6011,"Jutrosin","miasto","świątynia główna","kal",4,15590,"[17.166060593319514, 51.64245527119897]","jutrosin"
"438",6015,"Odolanów","miasto","świątynia główna","kal",4,22843,"[17.70062184604018, 51.565956594854185]","odolanow"
"439",6017,"Jarocin","miasto","świątynia główna","kal",4,2149,"[17.489857885486288, 51.96981602528348]","jarocin"
"440",6066,"Brzeziny","miasto","świątynia główna","łęcz",4,14429,"[19.75230896330669, 51.802515770503646]","brzeziny"
"441",6088,"Bolesławiec","miasto","świątynia główna","sier",4,2516,"[18.19808878909862, 51.18903479369021]","boleslawiec"
"442",6093,"Działoszyn","miasto","świątynia główna","sier",4,2518,"[18.861744955508698, 51.113365787782925]","dzialoszyn"
"443",6184,"Bieżuń","miasto","świątynia główna","pł",4,2636,"[19.88837791248926, 52.95226950428821]","biezun"
"444",6185,"Radzanów","miasto","świątynia główna","pł",4,2648,"[20.080399566680683, 52.93705535425926]","radzanow"
"445",6186,"Płock","miasto","świątynia główna","pł",4,2290,"[19.686887156357102, 52.54525591677918]","plock"
"446",6187,"Sobota","miasto","świątynia główna","łęcz",4,22854,"[19.67876582877153, 52.11992864338407]","sobota"
"447",6229,"Stoczek","wieś","świątynia główna","maz",4,2279,"[21.902582828113168, 52.54508571019255]","stoczek"
"448",6230,"Rożan","wieś","świątynia pomocnicza","maz",4,2275,"[21.39981142022458, 52.88407723150607]","rozan"
"449",6238,"Węgrów","miasto","świątynia główna","podl",4,2325,"[22.022806017217817, 52.3963946953898]","wegrow"
"450",6341,"Kowal","miasto","świątynia główna","brzkuj",4,2093,"[19.143908901450686, 52.53032688241041]","kowal"
"451",6377,"Łabiszyn","miasto","świątynia główna","in",4,23381,"[17.921009665668237, 52.94872704693586]","labiszyn"
"452",6378,"Inowrocław","miasto","świątynia główna","in",4,23379,"[18.285683172037864, 52.79862002981287]","inowroclaw"
"453",7356,"Jaryszów","miasto","świątynia główna","pod",4,10101,"[27.63148842678254, 48.51603923179306]","jaryszow"
"454",6379,"Śrem","miasto","świątynia główna","poz",4,2414,"[17.02177236689255, 52.07980406994278]","srem"
"455",6380,"Lubraniec","miasto","świątynia główna","brzkuj",4,2094,"[18.822253012846886, 52.54275136967874]","lubraniec"
"456",6382,"Koło","miasto","świątynia główna","kal",4,13872,"[18.638342531096725, 52.18009534209506]","kolo"
"457",6384,"Zaniemyśl","miasto","świątynia główna","kal",4,24468,"[17.16625873284835, 52.15063287882299]","zaniemysl"
"458",6394,"Mieścisko","miasto","świątynia główna","gn",4,2129,"[17.32819045419734, 52.735280453734674]","miescisko"
"459",6395,"Żerków","miasto","świątynia główna","kal",4,2166,"[17.57010620858989, 52.06078638577901]","zerkow"
"460",6480,"Gostynin","miasto","świątynia główna","raw",4,2435,"[19.469893896976487, 52.420496459225205]","gostynin"
"461",6561,"Ksawerów","miasto","świątynia główna","kij",4,2192,"[29.158178270843905, 50.9552763712407]","ksawerow"
"462",6666,"Berezno","miasto","świątynia główna","woł",4,2240,"[26.742838239215416, 50.991117561989995]","berezno"
"463",6669,"Targowica","miasto","świątynia główna","woł",4,22654,"[25.402944908315533, 50.55619103137417]","targowica"
"464",6670,"Ostrożec","miasto","świątynia główna","woł",4,22641,"[25.550309808034967, 50.66298182434133]","ostrozec"
"465",6672,"Klewań","miasto","świątynia główna","woł",4,22500,"[25.977857757531922, 50.7383398545835]","klewan"
"466",6675,"Tuczyn","miasto","świątynia główna","woł",4,2557,"[26.578069302554184, 50.690384743938864]","tuczyn"
"467",6708,"Krupiec","miasto","świątynia główna","woł",4,22624,"[25.31313454013815, 50.1572367497069]","krupiec"
"468",7135,"Secemin","miasto","świątynia główna","san",4,2463,"[19.83762322083634, 50.76517922557217]","secemin"
"469",6709,"Brody","miasto","świątynia główna","rus",4,2658,"[25.13983847840933, 50.09034138472657]","brody"
"470",6765,"Kodnia","miasto","świątynia główna","kij",4,2187,"[28.716399326348153, 50.07002530438302]","kodnia"
"471",6775,"Lewków","miasto","świątynia główna","kij",4,2195,"[28.825613756211453, 50.234234298867136]","lewkow"
"472",6793,"Połonne","miasto","świątynia główna","woł",4,22514,"[27.51959693647126, 50.117494889949796]","polonne"
"473",6802,"Szepetówka","miasto","świątynia główna","woł",4,22651,"[27.046732761456838, 50.1770148655051]","szepetowka"
"474",6883,"Grabowiec","miasto","świątynia główna","beł",4,4600,"[23.554773766431822, 50.82921121950869]","grabowiec"
"475",6893,"Józefów","miasto","świątynia główna","rus",4,2679,"[23.048735894128413, 50.48456180250548]","jozefow"
"476",6899,"Oleszyce","miasto","świątynia główna","beł",4,2088,"[23.02395111859414, 50.160151443410655]","oleszyce"
"477",6906,"Magierów","miasto","świątynia główna","beł",4,6375,"[23.710248354711098, 50.10727163274305]","magierow"
"478",6934,"Jarosław","miasto","świątynia główna","rus",4,1971,"[22.695970065233837, 50.02699940116332]","jaroslaw"
"479",6938,"Przeworsk","miasto","świątynia główna","rus",4,2022,"[22.495735258181014, 50.06232452226135]","przeworsk"
"480",7343,"Złoczów","miasto","świątynia główna","rus",4,22382,"[24.887906224541894, 49.813962697359386]","zloczow"
"481",6950,"Rzeszów","miasto","świątynia pomocnicza","rus",4,2031,"[21.992768304408344, 50.0333357013252]","rzeszow"
"482",6952,"Rzeszów","miasto","świątynia główna","rus",4,2032,"[22.022128246767693, 50.03815418062459]","rzeszow"
"483",7003,"Kamionka Strumiłowa","miasto","świątynia główna","rus",4,2680,"[24.340769784261113, 50.10987251701789]","kamionka_strumilowa"
"484",7017,"Poryck","miasto","świątynia główna","woł",4,22645,"[24.453119389214123, 50.6219553864874]","poryck"
"485",7024,"Horochów","miasto","świątynia główna","woł",4,22610,"[24.759784698346095, 50.501018212133886]","horochow"
"486",7064,"Wielkie Oczy","miasto","świątynia główna","beł",4,2089,"[23.15934644769777, 50.01349457362966]","wielkie_oczy"
"487",7070,"Niemirów","miasto","świątynia główna","beł",4,6380,"[23.429460130455652, 50.110115569588174]","niemirow"
"488",7081,"Krystynopol","miasto","świątynia główna","beł",4,6373,"[24.228076778587138, 50.39029986402744]","krystynopol"
"489",7082,"Waręż","miasto","świątynia główna","beł",4,6394,"[24.086229364308338, 50.51247330759634]","warez"
"490",7132,"Włoszczowa","miasto","świątynia główna","san",4,2468,"[19.969871304674257, 50.85129547038389]","wloszczowa"
"491",7163,"Brahin","miasto","świątynia główna","kij",4,2173,"[30.263234701524823, 51.78480283443116]","brahin"
"492",7166,"Narodycze","miasto","świątynia główna","kij",4,23409,"[29.07864797184442, 51.200271455522966]","narodycze"
"493",7370,"Mszczonów","miasto","świątynia główna","raw",4,23368,"[20.513635435733306, 51.966206556748716]","mszczonow"
"494",7251,"Wólka Brzezińska","wieś","świątynia główna","maz",4,2284,"[21.58187732054688, 52.89408330334203]","wolka_brzezinska"
"495",7371,"Mława","miasto","świątynia główna","pł",4,2643,"[20.395899604987164, 53.11289673924864]","mlawa"
"496",7279,"Lublin","miasto","świątynia pomocnicza","lub",4,22463,"[22.570947619838137, 51.247815093064276]","lublin"
"497",7280,"Lublin","miasto","świątynia pomocnicza","lub",4,9035,"[22.570239217580422, 51.24849891235431]","lublin"
"498",7281,"Lublin","miasto","świątynia pomocnicza","lub",4,22465,"[22.57239817590937, 51.252110424148725]","lublin"
"499",7350,"Komargród","miasto","świątynia główna","brac",4,23264,"[28.6132998510123, 48.53295886601097]","komargrod"
"500",7355,"Łobaczówka","miasto","świątynia główna","woł",4,22629,"[24.985266815742705, 50.41876235045072]","lobaczowka"
"501",8015,"Zduny","miasto","świątynia główna","kal",4,24463,"[17.38729811038729, 51.64328435347983]","zduny"
"502",7365,"Lędyczek","miasto","świątynia główna","pom",4,24473,"[16.96083314066584, 53.53181121974734]","ledyczek"
"503",7366,"Zarzecze","wieś","świątynia główna","pom",4,24523,"[17.768648435825583, 53.74910847875225]","zarzecze"
"504",7367,"Grabowo","wieś","świątynia główna","pom",4,24527,"[18.14643244849526, 54.16139460875672]","grabowo"
"505",7368,"Krokowa","wieś","świątynia główna","pom",4,24534,"[18.163487735548756, 54.772395812093635]","krokowa"
"506",7369,"Nowe Miasto","miasto","świątynia główna","raw",4,2437,"[20.590163386808797, 51.61093390546898]","nowe_miasto"
"507",9282,"Zbrzyż","miasto","świątynia główna","pod",4,2370,"[26.211341975795392, 48.91344420733367]","zbrzyz"
"508",7372,"Sokołówka","miasto","świątynia główna","rus",4,2042,"[24.84543820740738, 50.032386328706366]","sokolowka"
"509",7896,"Ustrzyki Dolne","miasto","świątynia główna","rus",4,2075,"[22.598964284452506, 49.436167096026]","ustrzyki_dolne"
"510",8796,"Obrzycko","miasto","świątynia główna","poz",4,2391,"[16.520863139264577, 52.6980511891108]","obrzycko"
"511",7693,"Stary Sambor","miasto","świątynia główna","rus",4,2052,"[23.008781895995753, 49.43203626353119]","stary_sambor"
"512",7694,"Stary Sambor","miasto","świątynia pomocnicza","rus",4,2053,"[23.006579021074117, 49.42534027322847]","stary_sambor"
"513",7719,"Szczerzec","miasto","świątynia główna","rus",4,2697,"[23.84803431739101, 49.650065217234385]","szczerzec"
"514",7741,"Kościerzyna","miasto","świątynia główna","pom",4,15576,"[17.971299156396867, 54.12534646152545]","koscierzyna"
"515",7814,"Laszki Murowane","miasto","świątynia główna","rus",4,1993,"[22.924198900965507, 49.51538824768198]","laszki_murowane"
"516",7930,"Kałusz","miasto","świątynia główna","rus",4,3211,"[24.37485903634206, 49.013918303560615]","kalusz"
"517",7955,"Budzanów","miasto","świątynia główna","rus",4,6220,"[25.719821568529937, 49.16117080421412]","budzanow"
"518",7958,"Buczacz","miasto","świątynia główna","rus",4,2660,"[25.37485176355716, 49.056924954993576]","buczacz"
"519",8001,"Kuty","miasto","świątynia główna","rus",4,1988,"[25.1850848140146, 48.2546357167127]","kuty"
"520",8031,"Halicz","miasto","świątynia główna","rus",4,22363,"[24.757840026872998, 49.10701175742258]","halicz"
"521",8037,"Bałta","miasto","świątynia główna","brac",4,18206,"[29.63029081858656, 47.930456042711626]","balta"
"522",8067,"Martynów Nowy","miasto","świątynia główna","rus",4,2001,"[24.563676638168147, 49.21887891477769]","martynow_nowy"
"523",8137,"Bukaczowce","miasto","świątynia główna","rus",4,22360,"[24.5070718554403, 49.24854038992095]","bukaczowce"
"524",8138,"Knihynicze","miasto","świątynia główna","rus",4,1977,"[24.46205655836235, 49.38211366021767]","knihynicze"
"525",8139,"Brzozdowce","miasto","świątynia główna","rus",4,2021,"[24.16695628231423, 49.46169912722769]","brzozdowce"
"526",8141,"Żurów","miasto","świątynia główna","rus",4,22386,"[24.47063090053439, 49.30252819230827]","zurow"
"527",8143,"Rozdół","miasto","świątynia główna","rus",4,2027,"[24.057633420294565, 49.464026187729644]","rozdol"
"528",8152,"Sokołów","miasto","świątynia główna","rus",4,2039,"[24.0290522791214, 49.16523162538829]","sokolow"
"529",8189,"Strzeliska Nowe","miasto","świątynia główna","rus",4,2055,"[24.402848127743027, 49.5139818294366]","strzeliska_nowe"
"530",8190,"Świrz","miasto","świątynia główna","rus",4,2059,"[24.426427568941108, 49.6540708677]","swirz"
"531",8215,"Biały Kamień","miasto","świątynia główna","rus",4,1931,"[24.82744045718931, 49.90067581036044]","bialy_kamien"
"532",8260,"Husiatyn","miasto","świątynia główna","pod",4,9468,"[26.189868144244144, 49.07050319598312]","husiatyn"
"533",8282,"Starokonstantynów","miasto","świątynia główna","woł",4,22620,"[27.19740900265964, 49.75549703299191]","starokonstantynow"
"534",8303,"Felsztyn","miasto","świątynia główna","pod",4,2335,"[26.700609363741535, 49.32657206588539]","felsztyn"
"535",8309,"Kuźmin","miasto","świątynia główna","pod",4,2349,"[26.53047147546465, 49.25796905294732]","kuzmin"
"536",8390,"Touste","miasto","świątynia główna","rus",4,22379,"[26.102808888489278, 49.27471190203801]","touste"
"537",8391,"Grzymałów","miasto","świątynia główna","rus",4,2664,"[26.023855305821485, 49.33444616804644]","grzymalow"
"538",8397,"Strusów","miasto","świątynia główna","rus",4,2050,"[25.6224067068419, 49.34947863164314]","strusow"
"539",8417,"Lachowce","miasto","świątynia główna","woł",4,22627,"[26.402207817717454, 49.992738714921245]","lachowce"
"540",8601,"Bużyn","miasto","świątynia główna","kij",4,24399,"[32.679431194394056, 49.20750888798466]","buzyn"
"541",8617,"Ułanów","miasto","świątynia główna","pod",4,22961,"[28.12751585924292, 49.68607464415567]","ulanow"
"542",8628,"Michałpol","miasto","świątynia główna","pod",4,22951,"[27.13948433175409, 49.243677380691224]","michalpol"
"543",8630,"Międzyboż","miasto","świątynia główna","pod",4,9473,"[27.389568276503894, 49.43878899925534]","miedzyboz"
"544",8685,"Berdyczów","miasto","świątynia główna","kij",4,2168,"[28.598112876696348, 49.90020982665095]","berdyczow"
"545",8686,"Białopol","miasto","świątynia główna","kij",4,2170,"[28.872325462419724, 49.83528081489851]","bialopol"
"546",8688,"Czerwona","miasto","świątynia główna","kij",4,2182,"[28.849993242380663, 49.95076894131853]","czerwona"
"547",8729,"Tywrów","miasto","świątynia główna","brac",4,23290,"[28.524484225629465, 49.0061465955078]","tywrow"
"548",8730,"Winnica","miasto","świątynia główna","brac",4,23292,"[28.44530635654411, 49.21905027879171]","winnica"
"549",8733,"Strzyżawka","miasto","świątynia główna","brac",4,23284,"[28.468315310114974, 49.301478826492314]","strzyzawka"
"550",8752,"Sołotwina","miasto","świątynia główna","rus",4,2049,"[24.43652203603864, 48.6983706605418]","solotwina"
"551",8786,"Babimost","miasto","świątynia główna","poz",4,2372,"[15.8281395187974, 52.17073762208696]","babimost"
"552",10689,"Kuniów","miasto","świątynia główna","woł",4,22626,"[26.37844284458606, 50.237980496725925]","kuniow"
"553",8794,"Międzychód","miasto","świątynia główna","poz",4,2385,"[15.909045553872488, 52.613642989008156]","miedzychod"
"554",8866,"Gwoździec","miasto","świątynia główna","rus",4,3495,"[25.303378570657856, 48.58755785214606]","gwozdziec"
"555",8876,"Kosów","miasto","świątynia główna","rus",4,22369,"[25.098484577619388, 48.325317477447925]","kosow"
"556",8902,"Obertyn","miasto","świątynia główna","rus",4,6371,"[25.171897766416578, 48.700140165667335]","obertyn"
"557",8919,"Czerwonogród","miasto","świątynia główna","pod",4,2332,"[25.58839537112226, 48.7970831827642]","czerwonogrod"
"558",8923,"Jagielnica","miasto","świątynia główna","pod",4,2338,"[25.745254973782608, 48.94683186322601]","jagielnica"
"559",8932,"Smiła","miasto","świątynia główna","kij",4,2207,"[31.88295237591973, 49.22977407885486]","smila"
"560",8935,"Moszny","miasto","świątynia główna","kij",4,2198,"[31.760363530109544, 49.51452663242668]","moszny"
"561",8982,"Jasionówka","miasto","świątynia główna","podl",4,2304,"[23.04092810977238, 53.39387781232142]","jasionowka"
"562",9006,"Tetyjów","miasto","świątynia główna","brac",4,23286,"[29.678218465735085, 49.357919081852174]","tetyjow"
"563",9040,"Czehryn","miasto","świątynia główna","kij",4,24398,"[32.68239820705617, 49.062796851554765]","czehryn"
"564",9072,"Ładyżyn","miasto","świątynia główna","brac",4,23268,"[29.257132429204376, 48.681489061350476]","ladyzyn"
"565",9171,"Monasterzyska","miasto","świątynia główna","brac",4,23271,"[29.812646983187733, 48.99234951979088]","monasterzyska"
"566",9173,"Szczuczyn","miasto","świątynia główna","maz",4,2280,"[22.288770015892453, 53.55351463202487]","szczuczyn"
"567",9219,"Śniadowo","wieś","świątynia pomocnicza","maz",4,2281,"[21.99117962686256, 53.0303186145095]","sniadowo"
"568",9250,"Snitków","miasto","świątynia główna","pod",4,22957,"[27.64357780777698, 48.80965698177113]","snitkow"
"569",9256,"Duczymin","wieś","świątynia pomocnicza","maz",4,2614,"[20.801789284575193, 53.24775922814382]","duczymin"
"570",9277,"Lanckoroń","miasto","świątynia główna","pod",4,2350,"[26.37556002195572, 48.89349091799329]","lanckoron"
"571",9281,"Korolówka","miasto","świątynia główna","pod",4,2345,"[25.989876986911497, 48.74432587774345]","korolowka"
"572",9283,"Jezierzany","miasto","świątynia główna","pod",4,2341,"[25.953719438054634, 48.878350482693065]","jezierzany"
"573",9286,"Żwaniec","miasto","świątynia główna","pod",4,2371,"[26.50060236844854, 48.541116501924876]","zwaniec"
"574",9336,"Dunajowce","miasto","świątynia główna","pod",4,2333,"[26.833511418746355, 48.88637917471374]","dunajowce"
"575",9390,"Tomaszpol","miasto","świątynia główna","brac",4,23287,"[28.52422935956497, 48.54618419774778]","tomaszpol"
"576",9393,"Cekinówka","wieś","świątynia główna","brac",4,18464,"[28.32554827790733, 48.14670042944391]","cekinowka"
"577",9394,"Krasne","miasto","świątynia główna","brac",4,23229,"[28.40600012478069, 48.91028245637864]","krasne"
"578",9406,"Niemirów","miasto","świątynia główna","brac",4,23273,"[28.83834135097652, 48.96103272554086]","niemirow"
"579",9410,"Kopajgród","miasto","świątynia główna","pod",4,22947,"[27.799404622723614, 48.856756203143846]","kopajgrod"
"580",9413,"Mohylów","miasto","świątynia główna","pod",4,22953,"[27.791239025111793, 48.445090895820556]","mohylow"
"581",9433,"Pruszcz","wieś","świątynia główna","in",4,2142,"[17.8303044405954, 53.44131634609721]","pruszcz"
"582",9434,"Łobżenica","miasto","świątynia główna","gn",4,2128,"[17.233900845379083, 53.25553729440338]","lobzenica"
"583",9508,"Parzęczew","miasto","świątynia główna","łęcz",4,24475,"[19.214275243869906, 51.93920222656709]","parzeczew"
"584",9509,"Stryków","miasto","świątynia główna","łęcz",4,22855,"[19.61011998652117, 51.89525364952232]","strykow"
"585",9548,"Mirosławiec","miasto","świątynia główna","poz",4,2376,"[16.10838282045296, 53.34757485966668]","miroslawiec"
"586",9549,"Piła","miasto","świątynia główna","poz",4,2395,"[16.74512479572843, 53.1518301723533]","pila"
"587",9632,"Chwarzczenko","wieś","świątynia główna","pom",4,15574,"[18.134634517086113, 54.008017725982995]","chwarzczenko"
"588",9633,"Winnica","wieś","świątynia główna","pom",4,15429,"[18.626811677645833, 54.32202122228563]","winnica"
"589",9686,"Kazimierz","miasto","świątynia główna","lub",4,2232,"[21.957279736028113, 51.317667768820684]","kazimierz"
"590",9691,"Końskowola","miasto","świątynia główna","lub",4,2235,"[22.060159762399678, 51.405006351299846]","konskowola"
"591",9694,"Bobrowniki","miasto","świątynia główna","san",4,22480,"[21.936031156766205, 51.55009811386611]","bobrowniki"
"592",9700,"Kozienice","miasto","świątynia główna","san",4,2461,"[21.55794330095432, 51.58682732486477]","kozienice"
"593",9702,"Ryczywół","miasto","świątynia główna","san",4,2490,"[21.437326842822927, 51.68454600721191]","ryczywol"
"594",9735,"Lubartów","miasto","świątynia główna","lub",4,2239,"[22.61248262969559, 51.465502417710866]","lubartow"
"595",9748,"Bychawa","miasto","świątynia główna","lub",4,2222,"[22.54880804267168, 51.006519313292245]","bychawa"
"596",9750,"Głusk","miasto","świątynia główna","lub",4,2228,"[22.602867836686812, 51.18680194076808]","glusk"
"597",9751,"Parczew","miasto","świątynia główna","lub",4,2249,"[22.8964602329782, 51.63993177178611]","parczew"
"598",9759,"Hulewicze","miasto","świątynia główna","woł",4,22613,"[25.21932246232427, 51.25789137856833]","hulewicze"
"599",9763,"Kaszówka","miasto","świątynia główna","woł",4,22617,"[25.32270708479666, 51.16092124241567]","kaszowka"
"600",9769,"Rossosz","miasto","świątynia główna","podl",4,2115,"[23.15293993566644, 51.851461317089615]","rossosz"
"601",9800,"Jezierzany","miasto","świątynia główna","woł",4,22644,"[24.807703318100096, 51.01814624131555]","jezierzany"
"602",9840,"Stepań","miasto","świątynia główna","woł",4,22503,"[26.299894067448008, 51.13175985327325]","stepan"
"603",9848,"Janówka","miasto","świątynia główna","woł",4,22614,"[25.259028151349355, 51.09238946297694]","janowka"
"604",9863,"Leszno","miasto","świątynia główna","poz",4,2382,"[16.580350151070263, 51.83196939164151]","leszno"
"605",9864,"Wschowa","miasto","świątynia główna","poz",4,2428,"[16.31079964445155, 51.81100183252738]","wschowa"
"606",9868,"Sarnowa","miasto","świątynia główna","poz",4,2406,"[16.907194107951966, 51.62645061890487]","sarnowa"
"607",9869,"Rydzyna","miasto","świątynia główna","poz",4,2402,"[16.669295366059544, 51.79101418998482]","rydzyna"
"608",10688,"Zwiahel","miasto","świątynia główna","woł",4,22665,"[27.610838722247763, 50.58673376836174]","zwiahel"
"609",9915,"Ostrów","miasto","świątynia główna","kal",4,22844,"[17.829631977044585, 51.642995488546035]","ostrow"
"610",9919,"Krotoszyn","miasto","świątynia główna","kal",4,22842,"[17.44227349246927, 51.68572943226485]","krotoszyn"
"611",9923,"Kobylin","miasto","świątynia główna","kal",4,13871,"[17.216247628785993, 51.71811715537518]","kobylin"
"612",9934,"Kępno","miasto","świątynia główna","sier",4,2519,"[17.98933692758635, 51.275356488469185]","kepno"
"613",10072,"Nasielsk","miasto","świątynia główna","maz",4,2272,"[20.80793367031532, 52.576405472205295]","nasielsk"
"614",10073,"Drobin","miasto","świątynia główna","pł",4,2289,"[19.990917321541588, 52.72868085636435]","drobin"
"615",10074,"Sierpc","miasto","świątynia główna","pł",4,2652,"[19.67698616670299, 52.84690706762797]","sierpc"
"616",10420,"Byszów","wieś","świątynia główna","kij",4,2176,"[29.88435650262784, 50.25683848647833]","byszow"
"617",10075,"Żychlin","miasto","świątynia główna","łęcz",4,2439,"[19.617085502736757, 52.24391318212503]","zychlin"
"618",10081,"Przasnysz","miasto","świątynia pomocnicza","maz",4,24596,"[20.88137699899096, 53.010027770940724]","przasnysz"
"619",10108,"Sokoły","miasto","świątynia główna","podl",4,2322,"[22.704356092970272, 52.990954779371464]","sokoly"
"620",10117,"Ostrów Mazowiecka","miasto","świątynia główna","maz",4,2273,"[21.89698128394184, 52.79848702907793]","ostrow_mazowiecka"
"621",10118,"Kosów Lacki","miasto","świątynia główna","podl",4,2306,"[22.161207170125067, 52.59217032657557]","kosow_lacki"
"622",10119,"Siedlce","miasto","świątynia główna","lub",4,2255,"[22.291534705379718, 52.16634685135148]","siedlce"
"623",10120,"Maków Mazowiecki","miasto","świątynia główna","maz",4,2271,"[21.094421991846048, 52.859639854179136]","makow_mazowiecki"
"624",10121,"Skaryszew","miasto","świątynia pomocnicza","maz",4,2630,"[21.03130537028943, 52.24892679182176]","skaryszew"
"625",10133,"Konstantynów","wieś","świątynia główna","podl",4,2305,"[23.059712933382457, 52.21623012371538]","konstantynow"
"626",10244,"Izbica Kujawska","miasto","świątynia główna","brzkuj",4,2092,"[18.768361961322114, 52.41343064432169]","izbica_kujawska"
"627",10245,"Przedecz","miasto","świątynia główna","brzkuj",4,2096,"[18.913293130154955, 52.32531598650138]","przedecz"
"628",10246,"Brześć Kujawski","miasto","świątynia główna","brzkuj",4,2091,"[18.899606147642203, 52.59264772358091]","brzesc_kujawski"
"629",10267,"Kórnik","miasto","świątynia główna","kal",4,2156,"[17.089791103798007, 52.24874482030441]","kornik"
"630",10268,"Rychwał","miasto","świątynia główna","kal",4,22845,"[18.177898478041527, 52.069978576574385]","rychwal"
"631",10269,"Piotrków Kujawski","miasto","świątynia główna","brzkuj",4,2095,"[18.495504204235885, 52.545552112086796]","piotrkow_kujawski"
"632",10270,"Wilczyn","miasto","świątynia główna","gn",4,23312,"[18.187003716987192, 52.480892444584185]","wilczyn"
"633",10354,"Popowo Kościelne","wieś","świątynia pomocnicza","maz",4,2626,"[21.198542916243525, 52.52935911478011]","popowo_koscielne"
"634",10406,"Brusiłów","wieś","świątynia główna","kij",4,2175,"[29.52570687464504, 50.28205035274232]","brusilow"
"635",10410,"Makarów","wieś","świątynia główna","kij",4,2197,"[29.80420361288003, 50.461511482819276]","makarow"
"636",10417,"Jasnohorodka","miasto","świątynia główna","kij",4,2186,"[30.03000631969428, 50.35623833624601]","jasnohorodka"
"637",12560,"Machnówka","miasto","świątynia główna","kij",4,2196,"[28.672012220996123, 49.7158255397876]","machnowka"
"638",10554,"Demidówka","miasto","świątynia główna","woł",4,22608,"[25.328946224904428, 50.420385382098004]","demidowka"
"639",10557,"Werba","miasto","świątynia główna","woł",4,22659,"[25.607231872474074, 50.274505129050056]","werba"
"640",10585,"Beresteczko","miasto","świątynia główna","woł",4,22580,"[25.119599522124304, 50.36437058879562]","beresteczko"
"641",10586,"Strzemilcze","miasto","świątynia główna","beł",4,22413,"[25.04686577291892, 50.33575871599004]","strzemilcze"
"642",10587,"Radziwiłłów","miasto","świątynia główna","woł",4,22648,"[25.252417672182503, 50.13144576592151]","radziwillow"
"643",10589,"Ptycza","miasto","świątynia główna","woł",4,22646,"[25.611659143992767, 50.305937890875725]","ptycza"
"644",10599,"Łuck","miasto","świątynia główna","woł",4,22631,"[25.365760134051754, 50.73307308393686]","luck"
"645",10636,"Czerniachów","miasto","świątynia główna","kij",4,2181,"[28.6803952117221, 50.44554684945615]","czerniachow"
"646",10637,"Horoszki","miasto","świątynia główna","kij",4,2184,"[28.436359641991885, 50.58442679241858]","horoszki"
"647",10652,"Kotelnia","miasto","świątynia główna","kij",4,2190,"[28.97278685932031, 50.09378681242657]","kotelnia"
"648",10654,"Żytomierz","miasto","świątynia główna","kij",4,2214,"[28.6804384772056, 50.24102330155074]","zytomierz"
"649",10656,"Łabuń","miasto","świątynia główna","woł",4,22505,"[27.367527293810156, 50.009989816756104]","labun"
"650",10687,"Baranówka","miasto","świątynia główna","woł",4,22515,"[27.672390721324234, 50.29743900272126]","baranowka"
"651",10691,"Zasław","miasto","świątynia główna","woł",4,22664,"[26.812318982360182, 50.11834744543489]","zaslaw"
"652",10769,"Krasnobród","miasto","świątynia główna","rus",4,2682,"[23.21468463966869, 50.53764054140731]","krasnobrod"
"653",10798,"Narol","miasto","świątynia główna","beł",4,6378,"[23.31474282283949, 50.35162576302048]","narol"
"654",10826,"Kraśniczyn","wieś","świątynia główna","rus",4,2683,"[23.377111902744332, 50.929789156853076]","krasniczyn"
"655",10833,"Krzeszów","miasto","świątynia główna","rus",4,1989,"[22.347134466961506, 50.39819047234505]","krzeszow"
"656",10855,"Stanisławczyk","miasto","świątynia główna","rus",4,2672,"[24.920494000938277, 50.163100127889834]","stanislawczyk"
"657",10874,"Toporów","miasto","świątynia główna","rus",4,2673,"[24.74220357410485, 50.113444839955605]","toporow"
"658",10908,"Torczyn","miasto","świątynia główna","woł",4,22655,"[24.979012199202145, 50.76038438690131]","torczyn"
"659",10911,"Kryłów","miasto","świątynia główna","rus",4,6372,"[24.048621866422707, 50.675977341528096]","krylow"
"660",10920,"Korytnica","miasto","świątynia główna","beł",4,5267,"[24.007239424748832, 50.949160018267605]","korytnica"
"661",10938,"Sokal","miasto","świątynia główna","beł",4,6384,"[24.289749568303364, 50.49068213767657]","sokal"
"662",10940,"Tartaków","miasto","świątynia główna","beł",4,22414,"[24.3973966174658, 50.456745069768715]","tartakow"
"663",10950,"Witków Nowy","miasto","świątynia główna","beł",4,6395,"[24.488223815786853, 50.30527857901029]","witkow_nowy"
"664",11907,"Krute","miasto","świątynia główna","brac",4,23263,"[29.210584535403086, 47.94179380992415]","krute"
"665",10967,"Bełz","miasto","świątynia główna","beł",4,2671,"[24.003847421273974, 50.381614362055245]","belz"
"666",11000,"Czarnobyl","miasto","świątynia główna","kij",4,23402,"[30.220147377308535, 51.26930218781678]","czarnobyl"
"667",11118,"Lwów","miasto","świątynia główna","rus",4,1991,"[24.0349130375792, 49.84062077956651]","lwow"
"668",11152,"Baranów","miasto","świątynia główna","lub",4,2218,"[22.129733305685306, 51.55627609108268]","baranow"
"669",11160,"Chełm","miasto","świątynia pomocnicza","rus",4,24316,"[23.477944018171797, 51.12600763129319]","chelm"
"670",11172,"Kułaczkowce","miasto","świątynia główna","rus",4,1987,"[25.30834617463688, 48.55698636743051]","kulaczkowce"
"671",11196,"Uładówka","miasto","świątynia główna","pod",4,23291,"[28.237436322549684, 49.48281607362344]","uladowka"
"672",11203,"Murawica","miasto","świątynia główna","woł",4,22637,"[25.586073340528344, 50.51857486132616]","murawica"
"673",14323,"Krupa","miasto","świątynia główna","woł",4,22623,"[26.50027581472716, 50.65169826826076]","krupa"
"674",11802,"Jampol","miasto","świątynia główna","woł",4,22519,"[26.236345100423137, 49.951793850071965]","jampol"
"675",11207,"Gródek","miasto","świątynia główna","pod",4,2343,"[25.859015310129394, 48.62824867650846]","grodek"
"676",11898,"Śniatyn","miasto","świątynia główna","rus",4,2058,"[25.556557995322294, 48.44606236056376]","sniatyn"
"677",11219,"Malachin","wieś","świątynia główna","pom",4,24524,"[17.956501966234896, 53.81201745764412]","malachin"
"678",11220,"Stare Szkoty","wieś","świątynia główna","pom",4,24525,"[18.61103126230654, 54.34945070066129]","stare_szkoty"
"679",11221,"Tuchola","miasto","świątynia główna","pom",4,24529,"[17.862358408213538, 53.58628899076274]","tuchola"
"680",11222,"Górna Grupa","wieś","świątynia główna","pom",4,24532,"[18.66930831995876, 53.48248822680637]","gorna_grupa"
"681",11224,"Kutno","miasto","świątynia główna","raw",4,2436,"[19.365384861164046, 52.234361658219655]","kutno"
"682",12155,"Czarny Ostrów","miasto","świątynia główna","pod",4,9717,"[26.760866532449995, 49.506083284602084]","czarny_ostrow"
"683",11531,"Wołoszcza","wieś","świątynia pomocnicza","rus",4,2705,"[23.609432599749994, 49.499474452093864]","woloszcza"
"684",11546,"Drohobycz","miasto","świątynia główna","rus",4,1947,"[23.516177539518026, 49.34307524925248]","drohobycz"
"685",11575,"Komarno","miasto","świątynia główna","rus",4,2681,"[23.687553442594265, 49.630409983898915]","komarno"
"686",11581,"Kulików","miasto","świątynia główna","rus",4,1985,"[24.072924717764522, 49.96942552970114]","kulikow"
"687",11614,"Jaworów","miasto","świątynia główna","rus",4,1974,"[23.36647739096952, 49.93357706433591]","jaworow"
"688",11628,"Bratjan","wieś","świątynia główna","che",4,24539,"[19.59785584567271, 53.448606412344645]","bratjan"
"689",11667,"Stara Sól","miasto","świątynia główna","rus",4,2051,"[22.96411600621059, 49.494550113598336]","stara_sol"
"690",11774,"Baligród","miasto","świątynia główna","rus",4,1932,"[22.281548907859587, 49.33765052348332]","baligrod"
"691",11797,"Wiśniowiec Stary","miasto","świątynia główna","woł",4,22660,"[25.757127850193058, 49.88852206578764]","wisniowiec_stary"
"692",11799,"Łanowce","miasto","świątynia główna","woł",4,22518,"[26.073727834884437, 49.85383975489515]","lanowce"
"693",11874,"Dolina","miasto","świątynia główna","rus",4,22362,"[24.01036302376542, 48.96217921813599]","dolina"
"694",11894,"Russocice","miasto","świątynia główna","kal",4,24466,"[18.49049327182081, 52.095906695278074]","russocice"
"695",11895,"Raszków","miasto","świątynia główna","kal",4,24464,"[17.728183919556557, 51.71731011907457]","raszkow"
"696",11951,"Stryj","miasto","świątynia główna","rus",4,2054,"[23.842592815668695, 49.24733454926644]","stryj"
"697",12015,"Chodorów","miasto","świątynia główna","rus",4,1938,"[24.320222648303115, 49.41222582160265]","chodorow"
"698",12016,"Bołszowce","miasto","świątynia główna","rus",4,2003,"[24.73844917892569, 49.18182568254849]","bolszowce"
"699",12035,"Dunajów","miasto","świątynia główna","rus",4,1953,"[24.825828339714178, 49.61339346661816]","dunajow"
"700",12044,"Pomorzany","miasto","świątynia główna","rus",4,22374,"[24.947513726613693, 49.62745775878892]","pomorzany"
"701",12054,"Sasów","miasto","świątynia główna","rus",4,2030,"[24.937218020024318, 49.873174187472216]","sasow"
"702",12092,"Suchostaw","miasto","świątynia główna","rus",4,2056,"[25.859019910161578, 49.16117080421412]","suchostaw"
"703",12095,"Kopyczyńce","miasto","świątynia główna","rus",4,22368,"[25.918196017348464, 49.10729584875503]","kopyczynce"
"704",12118,"Hryców","miasto","świątynia główna","woł",4,22507,"[27.22650856161391, 49.96311118378867]","hrycow"
"705",12145,"Kupin","miasto","świątynia główna","pod",4,9472,"[26.575706548860126, 49.1005339327516]","kupin"
"706",12147,"Szatawa","miasto","świątynia główna","pod",4,24580,"[26.70659410633158, 48.768069578311554]","szatawa"
"707",12158,"Proskurów","miasto","świątynia główna","pod",4,22956,"[26.980121608318086, 49.41980180210834]","proskurow"
"708",12182,"Sawińce","miasto","świątynia główna","pod",4,2357,"[26.799785517946304, 49.08145339047462]","sawince"
"709",12272,"Kozowa","miasto","świątynia główna","rus",4,22370,"[25.138800864034295, 49.43210649068914]","kozowa"
"710",12299,"Wyszogródek","miasto","świątynia główna","woł",4,22663,"[25.972271930811644, 49.776038894426165]","wyszogrodek"
"711",12336,"Bazalia","miasto","świątynia główna","woł",4,22605,"[26.48054637293518, 49.711397912137386]","bazalia"
"712",12384,"Hermanówka","miasto","świątynia główna","kij",4,23404,"[30.54194178578655, 49.991468786780274]","hermanowka"
"713",12393,"Żorniszcze","miasto","świątynia główna","brac",4,23295,"[29.083440719741986, 49.056253268457]","zorniszcze"
"714",12394,"Żywotów","miasto","świątynia główna","brac",4,23296,"[29.549986566645998, 49.272173129439125]","zywotow"
"715",12460,"Zińków","miasto","świątynia główna","pod",4,22965,"[27.07375785518542, 49.092735871865386]","zinkow"
"716",12461,"Wołodarka","miasto","świątynia główna","kij",4,2212,"[29.924462033824454, 49.517041257329765]","wolodarka"
"717",12462,"Bohusław","wieś","świątynia główna","kij",4,2172,"[30.889460813480184, 49.53360459095154]","bohuslaw"
"718",12466,"Czajki","wieś","świątynia główna","kij",4,2180,"[30.783832568704327, 49.53360459095154]","czajki"
"719",12473,"Pawołocz","miasto","świątynia główna","kij",4,2200,"[29.462827482548562, 49.869542975129434]","pawolocz"
"720",12501,"Sieniawa Stara","miasto","świątynia główna","pod",4,22958,"[27.60679986611484, 49.59791576936914]","sieniawa_stara"
"721",12503,"Latyczów","miasto","świątynia główna","pod",4,22948,"[27.62611754342322, 49.38433085864125]","latyczow"
"722",12532,"Bar","miasto","świątynia główna","pod",4,2337,"[27.68744185394695, 49.07958980907023]","bar"
"723",12546,"Lubar","miasto","świątynia główna","woł",4,2194,"[27.731352067712578, 49.915064596805166]","lubar"
"724",12583,"Pików","miasto","świątynia główna","brac",4,23277,"[28.2578510603185, 49.56375147965673]","pikow"
"725",12591,"Nadwórna","miasto","świątynia główna","rus",4,2011,"[24.57059874770664, 48.630678296594056]","nadworna"
"726",12625,"Kargowa","miasto","świątynia główna","poz",4,2381,"[15.86926867721354, 52.073855833531866]","kargowa"
"727",12626,"Śmigiel","miasto","świątynia główna","poz",4,2419,"[16.542129675289402, 52.01219879094441]","smigiel"
"728",12688,"Horodenka","miasto","świątynia główna","rus",4,22364,"[25.487841539205533, 48.68041036954247]","horodenka"
"729",12732,"Niżniów","miasto","świątynia główna","rus",4,4973,"[25.115148662288107, 48.94807263804472]","nizniow"
"730",12736,"Potok Złoty","miasto","świątynia główna","rus",4,22375,"[25.337034284769516, 48.90190725917739]","potok_zloty"
"731",12748,"Tłuste","miasto","świątynia główna","pod",4,2366,"[25.73689770006939, 48.851848414871654]","tluste"
"732",12749,"Kolędziany","miasto","świątynia główna","pod",4,10196,"[25.9612583619961, 48.95710034374025]","koledziany"
"733",12760,"Jabłonów","miasto","świątynia główna","rus",4,22366,"[24.96304611433328, 48.40756810237889]","jablonow"
"734",12768,"Korsuń","miasto","świątynia główna","kij",4,2189,"[31.246852479700976, 49.416504336264495]","korsun"
"735",12774,"Trechtymirów","wieś","świątynia główna","kij",4,2209,"[31.352415095552374, 49.9758080280356]","trechtymirow"
"736",12813,"Białystok","miasto","świątynia główna","podl",4,2295,"[23.156712222857323, 53.11876466170577]","bialystok"
"737",12910,"Hajsyn","miasto","świątynia główna","brac",4,23157,"[29.389876205330722, 48.809371395765424]","hajsyn"
"738",12980,"Goniądz","miasto","świątynia główna","podl",4,2301,"[22.736352269255462, 53.479605346619394]","goniadz"
"739",12981,"Rajgród","miasto","świątynia główna","podl",4,2316,"[22.68925784396714, 53.71621337613942]","rajgrod"
"740",12982,"Wierzchówka","miasto","świątynia główna","brac",4,23294,"[29.17453335835586, 48.44332783523669]","wierzchowka"
"741",12983,"Wizna","miasto","świątynia główna","maz",4,2283,"[22.38172758489378, 53.18994697249195]","wizna"
"742",13022,"Stawiski","miasto","świątynia główna","maz",4,2277,"[22.165308314201013, 53.370657744702896]","stawiski"
"743",13024,"Augustów","miasto","świątynia główna","podl",4,2294,"[22.97802044658863, 53.83744928098935]","augustow"
"744",13034,"Uszyca Stara","miasto","świątynia główna","pod",4,2368,"[27.124381912594743, 48.563744702333565]","uszyca_stara"
"745",13062,"Kuczbork","miasto","świątynia główna","pł",4,2641,"[20.049008438068938, 53.079626329767905]","kuczbork"
"746",13094,"Skała","miasto","świątynia główna","pod",4,2359,"[26.195271953581596, 48.84492788813992]","skala"
"747",13128,"Czercze","miasto","świątynia główna","pod",4,2331,"[26.523961420890828, 48.86010846467889]","czercze"
"748",13192,"Miastkówka","miasto","świątynia główna","brac",4,23269,"[28.698425096756694, 48.370653451177816]","miastkowka"
"749",13193,"Januszgrod","miasto","świątynia główna","brac",4,23216,"[28.717313791161814, 48.45353003661677]","januszgrod"
"750",13206,"Peczara","miasto","świątynia główna","brac",4,23275,"[28.71241672190888, 48.84649542082616]","peczara"
"751",13212,"Ozarzyńce","miasto","świątynia główna","pod",4,22955,"[27.78851715954096, 48.53883646067652]","ozarzynce"
"752",13235,"Sępolno","miasto","świątynia główna","in",4,2143,"[17.534967506156647, 53.441989538098824]","sepolno"
"753",13239,"Nakło","miasto","świątynia główna","gn",4,2130,"[17.584352989388208, 53.141186332810435]","naklo"
"754",13241,"Debrzno","miasto","świątynia główna","gn",4,2123,"[17.24409855914223, 53.52693113778827]","debrzno"
"755",13243,"Bukowiec","wieś","świątynia główna","pom",4,15381,"[18.243752573802112, 53.429277139178055]","bukowiec"
"756",13246,"Fordon","miasto","świątynia główna","in",4,23378,"[18.171080116090934, 53.15928228204132]","fordon"
"757",13408,"Wrzeszcz","wieś","świątynia główna","pom",4,15386,"[18.592351055029496, 54.380181845614004]","wrzeszcz"
"758",14048,"Skoki","miasto","świątynia główna","gn",4,2132,"[17.175075297516514, 52.660160597240804]","skoki"
"759",13413,"Płowęż","wieś","świątynia główna","che",4,24537,"[19.22113386846769, 53.433906334572725]","plowez"
"760",13724,"Stawiszyn","miasto","świątynia główna","kal",4,24462,"[18.111429011289886, 51.91059276214594]","stawiszyn"
"761",13449,"Markuszów","miasto","świątynia główna","lub",4,2244,"[22.27290549595699, 51.37101939170378]","markuszow"
"762",13452,"Bełżyce","miasto","świątynia główna","lub",4,2220,"[22.291677484443028, 51.174509943419764]","belzyce"
"763",13454,"Józefów","miasto","świątynia główna","lub",4,2231,"[21.83840690413149, 51.04037621833237]","jozefow"
"764",13458,"Gniewoszów","miasto","świątynia główna","san",4,2449,"[21.804486374755754, 51.47494651400257]","gniewoszow"
"765",13459,"Granica","miasto","świątynia główna","san",4,2502,"[21.82455180055996, 51.46863310158642]","granica"
"766",13525,"Łuków","miasto","świątynia główna","lub",4,2243,"[22.38682302300265, 51.93456660911386]","lukow"
"767",13530,"Ostrów","miasto","świątynia główna","lub",4,2248,"[22.866296809338166, 51.494345066441724]","ostrow"
"768",13533,"Czemierniki","miasto","świątynia główna","lub",4,2225,"[22.63970328099947, 51.66694314186054]","czemierniki"
"769",13550,"Rejowiec","miasto","świątynia główna","rus",4,2694,"[23.287713759503447, 51.089182041751315]","rejowiec"
"770",13586,"Kamień Koszyrski","miasto","świątynia główna","woł",4,22616,"[24.964929724538536, 51.61770486685333]","kamien_koszyrski"
"771",13588,"Turzysk","miasto","świątynia główna","woł",4,22656,"[24.542787592565105, 51.09945747042758]","turzysk"
"772",13603,"Noryńsk","miasto","świątynia główna","kij",4,23410,"[28.598147700244, 51.26257423381048]","norynsk"
"773",13627,"Włodzimierzec","miasto","świątynia główna","woł",4,22662,"[26.14387337755761, 51.42742827061744]","wlodzimierzec"
"774",13657,"Szlichtyngowa","miasto","świątynia główna","poz",4,2413,"[16.239666808068137, 51.71025720944215]","szlichtyngowa"
"775",13659,"Osieczna","miasto","świątynia główna","poz",4,2392,"[16.671337415222638, 51.90538269465259]","osieczna"
"776",13677,"Kalisz","miasto","świątynia główna","kal",4,13852,"[18.094226982760176, 51.75534200432787]","kalisz"
"777",13750,"Piotrków","miasto","świątynia główna","sier",4,2523,"[19.69951877817323, 51.399816831516205]","piotrkow"
"778",13764,"Warta","miasto","świątynia główna","sier",4,2524,"[18.637508866770133, 51.713584416764775]","warta"
"779",13785,"Przysucha","miasto","świątynia główna","san",4,2495,"[20.63911732676729, 51.354374195495666]","przysucha"
"780",13797,"Drzewica","miasto","świątynia główna","san",4,2477,"[20.494564391196207, 51.453924090848716]","drzewica"
"781",13802,"Przytyk","miasto","świątynia główna","san",4,2483,"[20.920885889376393, 51.47230584641915]","przytyk"
"782",13806,"Klwów","miasto","świątynia główna","san",4,2488,"[20.650837018059235, 51.53021968049421]","klwow"
"783",13855,"Piątek","miasto","świątynia główna","łęcz",4,22853,"[19.47765119878966, 52.07016600967444]","piatek"
"784",13889,"Zaręby Kościelne","wieś","świątynia główna","maz",4,2287,"[22.12329732197179, 52.74910936814939]","zareby_koscielne"
"785",13890,"Wyszonki Kościelne","wieś","świątynia główna","podl",4,2327,"[22.983523270382193, 52.84233931571305]","wyszonki_koscielne"
"786",13898,"Jabłonka Kościelna","wieś","świątynia główna","podl",4,2302,"[22.360076912457373, 52.955806981195224]","jablonka_koscielna"
"787",13899,"Kałuszyn","miasto","świątynia główna","maz",4,2268,"[21.80284860411973, 52.2091992195937]","kaluszyn"
"788",13910,"Boćki","miasto","świątynia główna","podl",4,2296,"[23.05081846314488, 52.64961605454113]","bocki"
"789",14327,"Warkowicze","miasto","świątynia główna","woł",4,22658,"[25.9936694422982, 50.468743476246004]","warkowicze"
"790",13995,"Kikół","miasto","świątynia główna","in",4,23380,"[19.130278485394285, 52.907670000656594]","kikol"
"791",13996,"Lipno","miasto","świątynia główna","in",4,24477,"[19.190223056060688, 52.83833924104397]","lipno"
"792",14042,"Kcynia","miasto","świątynia główna","gn",4,23310,"[17.491623348159294, 52.98124283080517]","kcynia"
"793",14363,"Kozin","miasto","świątynia główna","woł",4,22622,"[25.453542299028015, 50.262818589466065]","kozin"
"794",14045,"Swarzędz","miasto","świątynia główna","poz",4,2417,"[17.081243061399334, 52.40386989067429]","swarzedz"
"795",14046,"Rogoźno","miasto","świątynia główna","poz",4,2399,"[17.00902733157534, 52.74478929761523]","rogozno"
"796",14047,"Gołańcz","miasto","świątynia główna","gn",4,14265,"[17.29941391552819, 52.93306438432643]","golancz"
"797",14049,"Kleczew","miasto","świątynia główna","kal",4,2151,"[18.177898478041527, 52.367922007057416]","kleczew"
"798",14050,"Września","miasto","świątynia główna","gn",4,2135,"[17.583521870142988, 52.32481556235547]","wrzesnia"
"799",14124,"Ciechanów","miasto","świątynia główna","maz",4,2612,"[20.613165452472174, 52.87680913209846]","ciechanow"
"800",14161,"Iwnica","miasto","świątynia główna","kij",4,2185,"[29.045425069049884, 50.145109449698396]","iwnica"
"801",14162,"Chodorków","miasto","świątynia główna","kij",4,2178,"[29.30161357396304, 50.09325449472425]","chodorkow"
"802",14176,"Rożów","miasto","świątynia główna","kij",4,2203,"[29.653041772854976, 50.38700398818497]","rozow"
"803",14190,"Korosteszów","wieś","świątynia główna","kij",4,2188,"[29.048423195556268, 50.31577468062818]","korosteszow"
"804",14212,"Sanok","miasto","świątynia główna","rus",4,2040,"[22.202749718999087, 49.56687471714582]","sanok"
"805",14233,"Dynów","miasto","świątynia główna","rus",4,1954,"[22.238706630010483, 49.81553313665444]","dynow"
"806",14279,"Rachmanów","miasto","świątynia główna","woł",4,22647,"[26.100843936405113, 50.12872698592457]","rachmanow"
"807",14304,"Ostróg","miasto","świątynia główna","woł",4,22642,"[26.52654928568063, 50.32951951203046]","ostrog"
"808",14317,"Deraźne","miasto","świątynia główna","woł",4,22501,"[26.055253458138225, 50.86244345097066]","derazne"
"809",14318,"Bereźnica","miasto","świątynia główna","woł",4,24577,"[26.464795818684536, 51.431812026641126]","bereznica"
"810",14320,"Ołyka","miasto","świątynia główna","woł",4,22640,"[25.812783771737656, 50.70650410925441]","olyka"
"811",14329,"Dubno","miasto","świątynia główna","woł",4,22579,"[25.717281196936483, 50.42401223902425]","dubno"
"812",14362,"Krzemieniec","miasto","świątynia główna","woł",4,22625,"[25.727400675078968, 50.09598316276691]","krzemieniec"
"813",14430,"Prażewo","wieś","świątynia główna","kij",4,2201,"[28.68643195221256, 50.18331678098849]","prazewo"
"814",14431,"Leszczyn","miasto","świątynia główna","kij",4,2193,"[28.84492606366797, 50.142582767584884]","leszczyn"
"815",14432,"Słobodyszcze","miasto","świątynia główna","kij",4,2205,"[28.49064510827975, 50.02377522556833]","slobodyszcze"
"816",14461,"Sławuta","miasto","świątynia główna","woł",4,22499,"[26.880825740861383, 50.298120354271646]","slawuta"
"817",14510,"Hoszcza","miasto","świątynia główna","woł",4,22612,"[26.676827837688847, 50.593969655852845]","hoszcza"
"818",14530,"Uchanie","miasto","świątynia główna","rus",4,2701,"[23.65929088535063, 50.90291277951184]","uchanie"
"819",14535,"Izbica","wieś","świątynia główna","rus",4,2060,"[23.16547766556471, 50.889937976409385]","izbica"
"820",14537,"Cieszanów","miasto","świątynia główna","beł",4,2084,"[23.141745055435877, 50.24296943981807]","cieszanow"
"821",14561,"Rawa Ruska","miasto","świątynia główna","beł",4,6382,"[23.621327800930544, 50.23031766689326]","rawa_ruska"
"822",14576,"Leżajsk","miasto","świątynia główna","rus",4,1998,"[22.432219915907467, 50.24821011303874]","lezajsk"
"823",14581,"Żołynia","miasto","świątynia główna","rus",4,2082,"[22.313801480855318, 50.159725828468424]","zolynia"
"824",14588,"Żółkiewka","miasto","świątynia główna","rus",4,22384,"[22.84344832539432, 50.905289979914926]","zolkiewka"
"825",14634,"Radziechów","miasto","świątynia główna","beł",4,6379,"[24.65081571414902, 50.27741446099583]","radziechow"
"826",14646,"Świniuchy","miasto","świątynia główna","woł",4,22653,"[24.749971988840343, 50.63102182868067]","swiniuchy"
"827",14652,"Włodzimierz","miasto","świątynia główna","woł",4,22661,"[24.307316065071802, 50.85243094448555]","wlodzimierz"
"828",14700,"Stojanów","miasto","świątynia główna","beł",4,6386,"[24.6524976990533, 50.37315271392663]","stojanow"
"829",14719,"Mosty Wielkie","miasto","świątynia główna","beł",4,6377,"[24.152417169695696, 50.23983601121171]","mosty_wielkie"
"830",14738,"Chęciny Stare","miasto","świątynia główna","san",4,2470,"[20.454707488366466, 50.794488150442476]","checiny_stare"
"831",14809,"Annopol","miasto","świątynia główna","lub",4,2216,"[21.8618682913268, 50.885168351879884]","annopol"
"832",14824,"Kraśnik","miasto","świątynia główna","lub",4,2236,"[22.216176247060275, 50.91255732479135]","krasnik"
"833",14845,"Gniezno","miasto","świątynia główna","gn",4,2126,"[17.58604061663891, 52.540392173702685]","gniezno"
"834",14878,"Lwów","miasto","świątynia główna","rus",4,1997,"[24.02670074446968, 49.84655792104155]","lwow"
"835",14888,"Piaski","wieś","świątynia główna","lub",4,22467,"[22.572933212262228, 51.2175603603593]","piaski"
"836",14890,"Wieniawa","miasto","świątynia główna","lub",4,22468,"[22.54348535038264, 51.25912308642239]","wieniawa"
"837",14897,"Lublin","miasto","świątynia główna","lub",4,2223,"[22.571955543995728, 51.25128116739944]","lublin"
"838",14981,"Wieleń","miasto","świątynia główna","poz",4,2525,"[16.16830850985332, 52.88963464774406]","wielen"
"839",14988,"Wojtal","wieś","świątynia główna","pom",4,24522,"[18.0342915249239, 53.89246447515825]","wojtal"
"840",14989,"Chmielniki","wieś","świątynia główna","pom",4,24526,"[18.617353376562676, 54.34347342783997]","chmielniki"
"841",14990,"Bochlin","wieś","świątynia główna","pom",4,24533,"[18.72519037153097, 53.68123737185317]","bochlin"
